{
"type": "FeatureCollection",
"name": "qa_origins",
"crs": { "type": "name", "properties": { "name": "urn:ogc:def:crs:OGC:1.3:CRS84" } },
"features": [
{ "type": "Feature", "properties": { "nom": "Oficina de tursime", "tipus_desti": "equipament", "escenari": "everyone", "model_id": "baseline", "model_label": "Base sense pendent", "proj_dist_m": 2.67, "host_edge_id": 95, "host_edge_len": 15.48, "host_comp_size": 282.0 }, "geometry": { "type": "Point", "coordinates": [ 1.492592689272066, 42.466582233830486 ] } },
{ "type": "Feature", "properties": { "nom": "Escola Andorra de Loria", "tipus_desti": "equipament", "escenari": "everyone", "model_id": "baseline", "model_label": "Base sense pendent", "proj_dist_m": 2.38, "host_edge_id": 268, "host_edge_len": 1.12, "host_comp_size": 282.0 }, "geometry": { "type": "Point", "coordinates": [ 1.493898247438061, 42.464941525701896 ] } },
{ "type": "Feature", "properties": { "nom": "Escola Francesa", "tipus_desti": "equipament", "escenari": "everyone", "model_id": "baseline", "model_label": "Base sense pendent", "proj_dist_m": 1.76, "host_edge_id": 253, "host_edge_len": 17.66, "host_comp_size": 282.0 }, "geometry": { "type": "Point", "coordinates": [ 1.49222108372848, 42.464996085596447 ] } },
{ "type": "Feature", "properties": { "nom": "Universitat d'Andorra", "tipus_desti": "equipament", "escenari": "everyone", "model_id": "baseline", "model_label": "Base sense pendent", "proj_dist_m": 1.24, "host_edge_id": 99, "host_edge_len": 8.53, "host_comp_size": 282.0 }, "geometry": { "type": "Point", "coordinates": [ 1.490699024056204, 42.465414315430337 ] } },
{ "type": "Feature", "properties": { "nom": "Biblioteca de Sant Julia de Loria", "tipus_desti": "equipament", "escenari": "everyone", "model_id": "baseline", "model_label": "Base sense pendent", "proj_dist_m": 1.62, "host_edge_id": 100, "host_edge_len": 3.38, "host_comp_size": 282.0 }, "geometry": { "type": "Point", "coordinates": [ 1.490505264155856, 42.465176495577204 ] } },
{ "type": "Feature", "properties": { "nom": "Auditori Rocafort", "tipus_desti": "equipament", "escenari": "everyone", "model_id": "baseline", "model_label": "Base sense pendent", "proj_dist_m": 1.62, "host_edge_id": 100, "host_edge_len": 3.38, "host_comp_size": 282.0 }, "geometry": { "type": "Point", "coordinates": [ 1.490505264155856, 42.465176495577204 ] } },
{ "type": "Feature", "properties": { "nom": "Centre Cultural i de Congressos Lauredia", "tipus_desti": "equipament", "escenari": "everyone", "model_id": "baseline", "model_label": "Base sense pendent", "proj_dist_m": 1.62, "host_edge_id": 100, "host_edge_len": 3.38, "host_comp_size": 282.0 }, "geometry": { "type": "Point", "coordinates": [ 1.490505264155856, 42.465176495577204 ] } },
{ "type": "Feature", "properties": { "nom": "Oficines del Servei de Circulació", "tipus_desti": "equipament", "escenari": "everyone", "model_id": "baseline", "model_label": "Base sense pendent", "proj_dist_m": 1.62, "host_edge_id": 100, "host_edge_len": 3.38, "host_comp_size": 282.0 }, "geometry": { "type": "Point", "coordinates": [ 1.490505264155856, 42.465176495577204 ] } },
{ "type": "Feature", "properties": { "nom": "Comu vell de Loria", "tipus_desti": "equipament", "escenari": "everyone", "model_id": "baseline", "model_label": "Base sense pendent", "proj_dist_m": 2.38, "host_edge_id": 272, "host_edge_len": 1.22, "host_comp_size": 282.0 }, "geometry": { "type": "Point", "coordinates": [ 1.491178119661565, 42.46472752870875 ] } },
{ "type": "Feature", "properties": { "nom": "Escola Andorra de Loria", "tipus_desti": "equipament", "escenari": "everyone", "model_id": "baseline", "model_label": "Base sense pendent", "proj_dist_m": 0.48, "host_edge_id": 251, "host_edge_len": 3.13, "host_comp_size": 282.0 }, "geometry": { "type": "Point", "coordinates": [ 1.492805498256045, 42.46451889992656 ] } },
{ "type": "Feature", "properties": { "nom": "Sant Julia i Sant Germa de Loria", "tipus_desti": "equipament", "escenari": "everyone", "model_id": "baseline", "model_label": "Base sense pendent", "proj_dist_m": 2.38, "host_edge_id": 274, "host_edge_len": 1.18, "host_comp_size": 282.0 }, "geometry": { "type": "Point", "coordinates": [ 1.49087726312048, 42.463772258544545 ] } },
{ "type": "Feature", "properties": { "nom": "Centre Major - Centre de dia", "tipus_desti": "equipament", "escenari": "everyone", "model_id": "baseline", "model_label": "Base sense pendent", "proj_dist_m": 2.33, "host_edge_id": 302, "host_edge_len": 7.08, "host_comp_size": 282.0 }, "geometry": { "type": "Point", "coordinates": [ 1.490927982853191, 42.463057591470601 ] } },
{ "type": "Feature", "properties": { "nom": "Centre d'Atencio Primaria", "tipus_desti": "equipament", "escenari": "everyone", "model_id": "baseline", "model_label": "Base sense pendent", "proj_dist_m": 2.33, "host_edge_id": 302, "host_edge_len": 7.08, "host_comp_size": 282.0 }, "geometry": { "type": "Point", "coordinates": [ 1.490927982853191, 42.463057591470601 ] } },
{ "type": "Feature", "properties": { "nom": "Cementiri vell de Sant Julia de Loria", "tipus_desti": "equipament", "escenari": "everyone", "model_id": "baseline", "model_label": "Base sense pendent", "proj_dist_m": 2.89, "host_edge_id": 108, "host_edge_len": 9.49, "host_comp_size": 282.0 }, "geometry": { "type": "Point", "coordinates": [ 1.48963429007093, 42.460459902049777 ] } },
{ "type": "Feature", "properties": { "nom": "AR+I", "tipus_desti": "equipament", "escenari": "everyone", "model_id": "baseline", "model_label": "Base sense pendent", "proj_dist_m": 2.21, "host_edge_id": 8, "host_edge_len": 63.48, "host_comp_size": 282.0 }, "geometry": { "type": "Point", "coordinates": [ 1.492537822356041, 42.468898085030119 ] } },
{ "type": "Feature", "properties": { "nom": "Ministeri d'educacio", "tipus_desti": "equipament", "escenari": "everyone", "model_id": "baseline", "model_label": "Base sense pendent", "proj_dist_m": 2.21, "host_edge_id": 8, "host_edge_len": 63.48, "host_comp_size": 282.0 }, "geometry": { "type": "Point", "coordinates": [ 1.492537822356041, 42.468898085030119 ] } },
{ "type": "Feature", "properties": { "nom": "Comu de Sant Julia de Loria", "tipus_desti": "equipament", "escenari": "everyone", "model_id": "baseline", "model_label": "Base sense pendent", "proj_dist_m": 2.21, "host_edge_id": 8, "host_edge_len": 63.48, "host_comp_size": 282.0 }, "geometry": { "type": "Point", "coordinates": [ 1.492537822356041, 42.468898085030119 ] } },
{ "type": "Feature", "properties": { "nom": "Sant Bartomeu", "tipus_desti": "equipament", "escenari": "everyone", "model_id": "baseline", "model_label": "Base sense pendent", "proj_dist_m": 1.91, "host_edge_id": 195, "host_edge_len": 83.75, "host_comp_size": 282.0 }, "geometry": { "type": "Point", "coordinates": [ 1.492791835519281, 42.466733371255749 ] } },
{ "type": "Feature", "properties": { "nom": "Universitat Carlemany", "tipus_desti": "equipament", "escenari": "everyone", "model_id": "baseline", "model_label": "Base sense pendent", "proj_dist_m": 1.04, "host_edge_id": 96, "host_edge_len": 4.72, "host_comp_size": 282.0 }, "geometry": { "type": "Point", "coordinates": [ 1.491806540065834, 42.465980819077593 ] } },
{ "type": "Feature", "properties": { "nom": "Espai Laurèdia Jove", "tipus_desti": "equipament", "escenari": "everyone", "model_id": "baseline", "model_label": "Base sense pendent", "proj_dist_m": 2.89, "host_edge_id": 101, "host_edge_len": 4.46, "host_comp_size": 282.0 }, "geometry": { "type": "Point", "coordinates": [ 1.490665611359403, 42.464933179918297 ] } },
{ "type": "Feature", "properties": { "nom": "Local de Corrreu i La Poste", "tipus_desti": "equipament", "escenari": "everyone", "model_id": "baseline", "model_label": "Base sense pendent", "proj_dist_m": 2.35, "host_edge_id": 106, "host_edge_len": 2.68, "host_comp_size": 282.0 }, "geometry": { "type": "Point", "coordinates": [ 1.490977996242735, 42.463343641991479 ] } },
{ "type": "Feature", "properties": { "nom": "Espai saludable per a la gent gran", "tipus_desti": "equipament", "escenari": "everyone", "model_id": "baseline", "model_label": "Base sense pendent", "proj_dist_m": 1.67, "host_edge_id": 120, "host_edge_len": 8.43, "host_comp_size": 282.0 }, "geometry": { "type": "Point", "coordinates": [ 1.492283973756737, 42.47374634701233 ] } },
{ "type": "Feature", "properties": { "nom": "Universitat Europea", "tipus_desti": "equipament", "escenari": "everyone", "model_id": "baseline", "model_label": "Base sense pendent", "proj_dist_m": 1.02, "host_edge_id": 103, "host_edge_len": 12.51, "host_comp_size": 282.0 }, "geometry": { "type": "Point", "coordinates": [ 1.489976466006734, 42.464372003044602 ] } },
{ "type": "Feature", "properties": { "nom": "Escola Bressol Laurèdia Xics", "tipus_desti": "equipament", "escenari": "everyone", "model_id": "baseline", "model_label": "Base sense pendent", "proj_dist_m": 2.38, "host_edge_id": 263, "host_edge_len": 18.9, "host_comp_size": 282.0 }, "geometry": { "type": "Point", "coordinates": [ 1.491358954420286, 42.462853260163932 ] } },
{ "type": "Feature", "properties": { "nom": "Sala de vetlles", "tipus_desti": "equipament", "escenari": "everyone", "model_id": "baseline", "model_label": "Base sense pendent", "proj_dist_m": 2.99, "host_edge_id": 105, "host_edge_len": 5.33, "host_comp_size": 282.0 }, "geometry": { "type": "Point", "coordinates": [ 1.491329096469825, 42.463418242712841 ] } },
{ "type": "Feature", "properties": { "nom": "Centre Esportiu de Sant Julia de Loria", "tipus_desti": "equipament", "escenari": "everyone", "model_id": "baseline", "model_label": "Base sense pendent", "proj_dist_m": 2.46, "host_edge_id": 98, "host_edge_len": 4.2, "host_comp_size": 282.0 }, "geometry": { "type": "Point", "coordinates": [ 1.492173065456378, 42.465633412026762 ] } },
{ "type": "Feature", "properties": { "nom": "Pont de Fontaneda · Andorra la Vella", "tipus_desti": "bus_interparroquial", "escenari": "everyone", "model_id": "baseline", "model_label": "Base sense pendent", "proj_dist_m": 2.38, "host_edge_id": 314, "host_edge_len": 12.62, "host_comp_size": 282.0 }, "geometry": { "type": "Point", "coordinates": [ 1.490536887525985, 42.461945572981229 ] } },
{ "type": "Feature", "properties": { "nom": "Pont de Fontaneda · Espanya", "tipus_desti": "bus_interparroquial", "escenari": "everyone", "model_id": "baseline", "model_label": "Base sense pendent", "proj_dist_m": 2.07, "host_edge_id": 320, "host_edge_len": 9.18, "host_comp_size": 282.0 }, "geometry": { "type": "Point", "coordinates": [ 1.489443516134238, 42.461662675805222 ] } },
{ "type": "Feature", "properties": { "nom": "La Valireta · Espanya", "tipus_desti": "bus_interparroquial", "escenari": "everyone", "model_id": "baseline", "model_label": "Base sense pendent", "proj_dist_m": 2.23, "host_edge_id": 312, "host_edge_len": 7.79, "host_comp_size": 282.0 }, "geometry": { "type": "Point", "coordinates": [ 1.489317524495576, 42.46404994009513 ] } },
{ "type": "Feature", "properties": { "nom": "La Valireta · Andorra la Vella", "tipus_desti": "bus_interparroquial", "escenari": "everyone", "model_id": "baseline", "model_label": "Base sense pendent", "proj_dist_m": 2.38, "host_edge_id": 313, "host_edge_len": 6.37, "host_comp_size": 282.0 }, "geometry": { "type": "Point", "coordinates": [ 1.489993684399419, 42.464023997012951 ] } },
{ "type": "Feature", "properties": { "nom": "Riu d'Auvinyà · Espanya", "tipus_desti": "bus_interparroquial", "escenari": "everyone", "model_id": "baseline", "model_label": "Base sense pendent", "proj_dist_m": 0.92, "host_edge_id": 322, "host_edge_len": 7.93, "host_comp_size": 282.0 }, "geometry": { "type": "Point", "coordinates": [ 1.487408147872027, 42.457972085726986 ] } },
{ "type": "Feature", "properties": { "nom": "Riu d'Auvinyà · Andorra la Vella", "tipus_desti": "bus_interparroquial", "escenari": "everyone", "model_id": "baseline", "model_label": "Base sense pendent", "proj_dist_m": 2.39, "host_edge_id": 323, "host_edge_len": 8.34, "host_comp_size": 282.0 }, "geometry": { "type": "Point", "coordinates": [ 1.487627188346534, 42.457940727460283 ] } },
{ "type": "Feature", "properties": { "nom": "Prat Gran · Espanya", "tipus_desti": "bus_interparroquial", "escenari": "everyone", "model_id": "baseline", "model_label": "Base sense pendent", "proj_dist_m": 1.35, "host_edge_id": 319, "host_edge_len": 6.1, "host_comp_size": 282.0 }, "geometry": { "type": "Point", "coordinates": [ 1.492099075629561, 42.467332080352598 ] } },
{ "type": "Feature", "properties": { "nom": "Prat Gran · Andorra la Vella", "tipus_desti": "bus_interparroquial", "escenari": "everyone", "model_id": "baseline", "model_label": "Base sense pendent", "proj_dist_m": 2.38, "host_edge_id": 318, "host_edge_len": 9.26, "host_comp_size": 282.0 }, "geometry": { "type": "Point", "coordinates": [ 1.492759361887212, 42.468602284179738 ] } },
{ "type": "Feature", "properties": { "nom": "La Planella", "tipus_desti": "bus_interparroquial", "escenari": "everyone", "model_id": "baseline", "model_label": "Base sense pendent", "proj_dist_m": 1.48, "host_edge_id": 321, "host_edge_len": 8.33, "host_comp_size": 282.0 }, "geometry": { "type": "Point", "coordinates": [ 1.489190741144889, 42.460153415653053 ] } },
{ "type": "Feature", "properties": { "nom": "La Riberola", "tipus_desti": "bus_interparroquial", "escenari": "everyone", "model_id": "baseline", "model_label": "Base sense pendent", "proj_dist_m": 2.3, "host_edge_id": 324, "host_edge_len": 8.93, "host_comp_size": 282.0 }, "geometry": { "type": "Point", "coordinates": [ 1.486649326274593, 42.454860139099978 ] } },
{ "type": "Feature", "properties": { "nom": "Rotonda d'Aixovall", "tipus_desti": "bus_interparroquial", "escenari": "everyone", "model_id": "baseline", "model_label": "Base sense pendent", "proj_dist_m": 0.6, "host_edge_id": 315, "host_edge_len": 9.27, "host_comp_size": 282.0 }, "geometry": { "type": "Point", "coordinates": [ 1.490098107666714, 42.476573385756062 ] } },
{ "type": "Feature", "properties": { "nom": "Les Arades", "tipus_desti": "bus_interparroquial", "escenari": "everyone", "model_id": "baseline", "model_label": "Base sense pendent", "proj_dist_m": 2.38, "host_edge_id": 316, "host_edge_len": 14.54, "host_comp_size": 282.0 }, "geometry": { "type": "Point", "coordinates": [ 1.493458917954566, 42.471441040388633 ] } },
{ "type": "Feature", "properties": { "nom": "Av. de Rocafort", "tipus_desti": "bus_interparroquial", "escenari": "everyone", "model_id": "baseline", "model_label": "Base sense pendent", "proj_dist_m": 2.18, "host_edge_id": 317, "host_edge_len": 8.24, "host_comp_size": 282.0 }, "geometry": { "type": "Point", "coordinates": [ 1.493109603671952, 42.471207091997293 ] } },
{ "type": "Feature", "properties": { "nom": "Parc Prat del Senzill", "tipus_desti": "espai_lliure", "escenari": "everyone", "model_id": "baseline", "model_label": "Base sense pendent", "proj_dist_m": 0.0, "host_edge_id": 308, "host_edge_len": 56.16, "host_comp_size": 282.0 }, "geometry": { "type": "Point", "coordinates": [ 1.488696356696791, 42.460556563619065 ] } },
{ "type": "Feature", "properties": { "nom": "Plaça del Sola", "tipus_desti": "espai_lliure", "escenari": "everyone", "model_id": "baseline", "model_label": "Base sense pendent", "proj_dist_m": 0.0, "host_edge_id": 307, "host_edge_len": 2.26, "host_comp_size": 282.0 }, "geometry": { "type": "Point", "coordinates": [ 1.490188299985498, 42.461580807809241 ] } },
{ "type": "Feature", "properties": { "nom": "Plaça Francesc Cairat", "tipus_desti": "espai_lliure", "escenari": "everyone", "model_id": "baseline", "model_label": "Base sense pendent", "proj_dist_m": 0.0, "host_edge_id": 306, "host_edge_len": 13.48, "host_comp_size": 282.0 }, "geometry": { "type": "Point", "coordinates": [ 1.490524163141318, 42.462140880764842 ] } },
{ "type": "Feature", "properties": { "nom": "Plaça Major", "tipus_desti": "espai_lliure", "escenari": "everyone", "model_id": "baseline", "model_label": "Base sense pendent", "proj_dist_m": 0.0, "host_edge_id": 326, "host_edge_len": 6.17, "host_comp_size": 282.0 }, "geometry": { "type": "Point", "coordinates": [ 1.491014053301921, 42.463228573602223 ] } },
{ "type": "Feature", "properties": { "nom": "Plaça del Mallador", "tipus_desti": "espai_lliure", "escenari": "everyone", "model_id": "baseline", "model_label": "Base sense pendent", "proj_dist_m": 0.0, "host_edge_id": 301, "host_edge_len": 8.38, "host_comp_size": 282.0 }, "geometry": { "type": "Point", "coordinates": [ 1.490403092919012, 42.463794850752549 ] } },
{ "type": "Feature", "properties": { "nom": "Plaça de Sant Roc", "tipus_desti": "espai_lliure", "escenari": "everyone", "model_id": "baseline", "model_label": "Base sense pendent", "proj_dist_m": 0.0, "host_edge_id": 300, "host_edge_len": 11.42, "host_comp_size": 282.0 }, "geometry": { "type": "Point", "coordinates": [ 1.49127624199545, 42.463990120811083 ] } },
{ "type": "Feature", "properties": { "nom": "Plaça de la Germandat", "tipus_desti": "espai_lliure", "escenari": "everyone", "model_id": "baseline", "model_label": "Base sense pendent", "proj_dist_m": 0.0, "host_edge_id": 295, "host_edge_len": 1.54, "host_comp_size": 282.0 }, "geometry": { "type": "Point", "coordinates": [ 1.490691508653851, 42.465328145253821 ] } },
{ "type": "Feature", "properties": { "nom": "Parc Infantil Camp de Perot", "tipus_desti": "espai_lliure", "escenari": "everyone", "model_id": "baseline", "model_label": "Base sense pendent", "proj_dist_m": 4.21, "host_edge_id": 107, "host_edge_len": 48.27, "host_comp_size": 282.0 }, "geometry": { "type": "Point", "coordinates": [ 1.492228313542697, 42.463116772259276 ] } },
{ "type": "Feature", "properties": { "nom": "Plaça de Calonge Sant Antoni", "tipus_desti": "espai_lliure", "escenari": "everyone", "model_id": "baseline", "model_label": "Base sense pendent", "proj_dist_m": 0.0, "host_edge_id": 296, "host_edge_len": 7.13, "host_comp_size": 282.0 }, "geometry": { "type": "Point", "coordinates": [ 1.491863049608281, 42.465825034487821 ] } },
{ "type": "Feature", "properties": { "nom": "Plaça de Lauredia", "tipus_desti": "espai_lliure", "escenari": "everyone", "model_id": "baseline", "model_label": "Base sense pendent", "proj_dist_m": 0.0, "host_edge_id": 291, "host_edge_len": 9.02, "host_comp_size": 282.0 }, "geometry": { "type": "Point", "coordinates": [ 1.492155608298784, 42.46712465538117 ] } },
{ "type": "Feature", "properties": { "nom": "Parc Infantil del Prat Gran", "tipus_desti": "espai_lliure", "escenari": "everyone", "model_id": "baseline", "model_label": "Base sense pendent", "proj_dist_m": 0.0, "host_edge_id": 290, "host_edge_len": 2.52, "host_comp_size": 282.0 }, "geometry": { "type": "Point", "coordinates": [ 1.492945187220464, 42.46779740319375 ] } },
{ "type": "Feature", "properties": { "nom": "Plaça Rocacorba", "tipus_desti": "espai_lliure", "escenari": "everyone", "model_id": "baseline", "model_label": "Base sense pendent", "proj_dist_m": 0.0, "host_edge_id": 286, "host_edge_len": 6.25, "host_comp_size": 282.0 }, "geometry": { "type": "Point", "coordinates": [ 1.493161774581143, 42.470427915761718 ] } },
{ "type": "Feature", "properties": { "nom": "Plaça del Moli", "tipus_desti": "espai_lliure", "escenari": "everyone", "model_id": "baseline", "model_label": "Base sense pendent", "proj_dist_m": 0.0, "host_edge_id": 287, "host_edge_len": 6.57, "host_comp_size": 282.0 }, "geometry": { "type": "Point", "coordinates": [ 1.492916061918417, 42.469859590709945 ] } },
{ "type": "Feature", "properties": { "nom": "Plaça Rocacorba", "tipus_desti": "espai_lliure", "escenari": "everyone", "model_id": "baseline", "model_label": "Base sense pendent", "proj_dist_m": 0.0, "host_edge_id": 285, "host_edge_len": 19.59, "host_comp_size": 282.0 }, "geometry": { "type": "Point", "coordinates": [ 1.492897389803161, 42.470086506221641 ] } },
{ "type": "Feature", "properties": { "nom": "Plaça del Moli", "tipus_desti": "espai_lliure", "escenari": "everyone", "model_id": "baseline", "model_label": "Base sense pendent", "proj_dist_m": 0.0, "host_edge_id": 288, "host_edge_len": 7.72, "host_comp_size": 282.0 }, "geometry": { "type": "Point", "coordinates": [ 1.49276571746631, 42.469082430725265 ] } },
{ "type": "Feature", "properties": { "nom": "Parc Infantil del Prat Gran", "tipus_desti": "espai_lliure", "escenari": "everyone", "model_id": "baseline", "model_label": "Base sense pendent", "proj_dist_m": 0.0, "host_edge_id": 289, "host_edge_len": 1.58, "host_comp_size": 282.0 }, "geometry": { "type": "Point", "coordinates": [ 1.49272730923829, 42.46814730676433 ] } },
{ "type": "Feature", "properties": { "nom": "Plaça de Lauredia", "tipus_desti": "espai_lliure", "escenari": "everyone", "model_id": "baseline", "model_label": "Base sense pendent", "proj_dist_m": 0.0, "host_edge_id": 293, "host_edge_len": 7.91, "host_comp_size": 282.0 }, "geometry": { "type": "Point", "coordinates": [ 1.492339191741116, 42.466731760951589 ] } },
{ "type": "Feature", "properties": { "nom": "Plaça de Lauredia", "tipus_desti": "espai_lliure", "escenari": "everyone", "model_id": "baseline", "model_label": "Base sense pendent", "proj_dist_m": 0.0, "host_edge_id": 292, "host_edge_len": 3.89, "host_comp_size": 282.0 }, "geometry": { "type": "Point", "coordinates": [ 1.492474472859908, 42.466878414754639 ] } },
{ "type": "Feature", "properties": { "nom": "Plaça de Calonge Sant Antoni", "tipus_desti": "espai_lliure", "escenari": "everyone", "model_id": "baseline", "model_label": "Base sense pendent", "proj_dist_m": 0.0, "host_edge_id": 298, "host_edge_len": 5.64, "host_comp_size": 282.0 }, "geometry": { "type": "Point", "coordinates": [ 1.491836708456538, 42.465678413851379 ] } },
{ "type": "Feature", "properties": { "nom": "Plaça de Calonge Sant Antoni", "tipus_desti": "espai_lliure", "escenari": "everyone", "model_id": "baseline", "model_label": "Base sense pendent", "proj_dist_m": 0.28, "host_edge_id": 297, "host_edge_len": 0.51, "host_comp_size": 282.0 }, "geometry": { "type": "Point", "coordinates": [ 1.492116204555384, 42.465674808866453 ] } },
{ "type": "Feature", "properties": { "nom": "Plaça de la Germandat", "tipus_desti": "espai_lliure", "escenari": "everyone", "model_id": "baseline", "model_label": "Base sense pendent", "proj_dist_m": 0.0, "host_edge_id": 294, "host_edge_len": 2.8, "host_comp_size": 282.0 }, "geometry": { "type": "Point", "coordinates": [ 1.491046597353278, 42.465221975502416 ] } },
{ "type": "Feature", "properties": { "nom": "Plaça de la Germandat", "tipus_desti": "espai_lliure", "escenari": "everyone", "model_id": "baseline", "model_label": "Base sense pendent", "proj_dist_m": 0.3, "host_edge_id": 176, "host_edge_len": 27.98, "host_comp_size": 282.0 }, "geometry": { "type": "Point", "coordinates": [ 1.490909618090986, 42.464944763643693 ] } },
{ "type": "Feature", "properties": { "nom": "Plaça Major", "tipus_desti": "espai_lliure", "escenari": "everyone", "model_id": "baseline", "model_label": "Base sense pendent", "proj_dist_m": 0.0, "host_edge_id": 325, "host_edge_len": 2.74, "host_comp_size": 282.0 }, "geometry": { "type": "Point", "coordinates": [ 1.491077175428414, 42.462887782083293 ] } },
{ "type": "Feature", "properties": { "nom": "Plaça Major", "tipus_desti": "espai_lliure", "escenari": "everyone", "model_id": "baseline", "model_label": "Base sense pendent", "proj_dist_m": 0.0, "host_edge_id": 302, "host_edge_len": 7.08, "host_comp_size": 282.0 }, "geometry": { "type": "Point", "coordinates": [ 1.490999707539614, 42.463093118017333 ] } },
{ "type": "Feature", "properties": { "nom": "Plaça Francesc Cairat", "tipus_desti": "espai_lliure", "escenari": "everyone", "model_id": "baseline", "model_label": "Base sense pendent", "proj_dist_m": 0.0, "host_edge_id": 303, "host_edge_len": 3.75, "host_comp_size": 282.0 }, "geometry": { "type": "Point", "coordinates": [ 1.490709177510769, 42.462099554760151 ] } },
{ "type": "Feature", "properties": { "nom": "Plaça del Sola", "tipus_desti": "espai_lliure", "escenari": "everyone", "model_id": "baseline", "model_label": "Base sense pendent", "proj_dist_m": 0.48, "host_edge_id": 41, "host_edge_len": 52.82, "host_comp_size": 282.0 }, "geometry": { "type": "Point", "coordinates": [ 1.489877774045403, 42.461486956923736 ] } },
{ "type": "Feature", "properties": { "nom": "Plaça del Tossal", "tipus_desti": "espai_lliure", "escenari": "everyone", "model_id": "baseline", "model_label": "Base sense pendent", "proj_dist_m": 0.0, "host_edge_id": 309, "host_edge_len": 8.27, "host_comp_size": 282.0 }, "geometry": { "type": "Point", "coordinates": [ 1.491625000269186, 42.460554674293924 ] } },
{ "type": "Feature", "properties": { "nom": "Parc Infantil de Terra Bogada", "tipus_desti": "espai_lliure", "escenari": "everyone", "model_id": "baseline", "model_label": "Base sense pendent", "proj_dist_m": 0.0, "host_edge_id": 299, "host_edge_len": 18.47, "host_comp_size": 282.0 }, "geometry": { "type": "Point", "coordinates": [ 1.497026606312613, 42.467335656586918 ] } },
{ "type": "Feature", "properties": { "nom": "Plaça d'Aixirivall", "tipus_desti": "espai_lliure", "escenari": "everyone", "model_id": "baseline", "model_label": "Base sense pendent", "proj_dist_m": 0.0, "host_edge_id": 311, "host_edge_len": 10.57, "host_comp_size": 282.0 }, "geometry": { "type": "Point", "coordinates": [ 1.501992243368786, 42.462684316366762 ] } },
{ "type": "Feature", "properties": { "nom": "Parc Infantil d'Aixirivall", "tipus_desti": "espai_lliure", "escenari": "everyone", "model_id": "baseline", "model_label": "Base sense pendent", "proj_dist_m": 0.0, "host_edge_id": 310, "host_edge_len": 6.56, "host_comp_size": 282.0 }, "geometry": { "type": "Point", "coordinates": [ 1.501847849853668, 42.462577636833835 ] } },
{ "type": "Feature", "properties": { "nom": "Oficina de tursime", "tipus_desti": "equipament", "escenari": "older_adults", "model_id": "baseline", "model_label": "Base sense pendent", "proj_dist_m": 2.67, "host_edge_id": 82, "host_edge_len": 15.48, "host_comp_size": 273.0 }, "geometry": { "type": "Point", "coordinates": [ 1.492592689272066, 42.466582233830486 ] } },
{ "type": "Feature", "properties": { "nom": "Escola Andorra de Loria", "tipus_desti": "equipament", "escenari": "older_adults", "model_id": "baseline", "model_label": "Base sense pendent", "proj_dist_m": 2.38, "host_edge_id": 253, "host_edge_len": 1.12, "host_comp_size": 273.0 }, "geometry": { "type": "Point", "coordinates": [ 1.493898247438061, 42.464941525701896 ] } },
{ "type": "Feature", "properties": { "nom": "Escola Francesa", "tipus_desti": "equipament", "escenari": "older_adults", "model_id": "baseline", "model_label": "Base sense pendent", "proj_dist_m": 1.76, "host_edge_id": 239, "host_edge_len": 17.66, "host_comp_size": 273.0 }, "geometry": { "type": "Point", "coordinates": [ 1.49222108372848, 42.464996085596447 ] } },
{ "type": "Feature", "properties": { "nom": "Universitat d'Andorra", "tipus_desti": "equipament", "escenari": "older_adults", "model_id": "baseline", "model_label": "Base sense pendent", "proj_dist_m": 1.24, "host_edge_id": 86, "host_edge_len": 8.53, "host_comp_size": 273.0 }, "geometry": { "type": "Point", "coordinates": [ 1.490699024056204, 42.465414315430337 ] } },
{ "type": "Feature", "properties": { "nom": "Biblioteca de Sant Julia de Loria", "tipus_desti": "equipament", "escenari": "older_adults", "model_id": "baseline", "model_label": "Base sense pendent", "proj_dist_m": 1.62, "host_edge_id": 87, "host_edge_len": 3.38, "host_comp_size": 273.0 }, "geometry": { "type": "Point", "coordinates": [ 1.490505264155856, 42.465176495577204 ] } },
{ "type": "Feature", "properties": { "nom": "Auditori Rocafort", "tipus_desti": "equipament", "escenari": "older_adults", "model_id": "baseline", "model_label": "Base sense pendent", "proj_dist_m": 1.62, "host_edge_id": 87, "host_edge_len": 3.38, "host_comp_size": 273.0 }, "geometry": { "type": "Point", "coordinates": [ 1.490505264155856, 42.465176495577204 ] } },
{ "type": "Feature", "properties": { "nom": "Centre Cultural i de Congressos Lauredia", "tipus_desti": "equipament", "escenari": "older_adults", "model_id": "baseline", "model_label": "Base sense pendent", "proj_dist_m": 1.62, "host_edge_id": 87, "host_edge_len": 3.38, "host_comp_size": 273.0 }, "geometry": { "type": "Point", "coordinates": [ 1.490505264155856, 42.465176495577204 ] } },
{ "type": "Feature", "properties": { "nom": "Oficines del Servei de Circulació", "tipus_desti": "equipament", "escenari": "older_adults", "model_id": "baseline", "model_label": "Base sense pendent", "proj_dist_m": 1.62, "host_edge_id": 87, "host_edge_len": 3.38, "host_comp_size": 273.0 }, "geometry": { "type": "Point", "coordinates": [ 1.490505264155856, 42.465176495577204 ] } },
{ "type": "Feature", "properties": { "nom": "Comu vell de Loria", "tipus_desti": "equipament", "escenari": "older_adults", "model_id": "baseline", "model_label": "Base sense pendent", "proj_dist_m": 2.38, "host_edge_id": 257, "host_edge_len": 1.22, "host_comp_size": 273.0 }, "geometry": { "type": "Point", "coordinates": [ 1.491178119661565, 42.46472752870875 ] } },
{ "type": "Feature", "properties": { "nom": "Escola Andorra de Loria", "tipus_desti": "equipament", "escenari": "older_adults", "model_id": "baseline", "model_label": "Base sense pendent", "proj_dist_m": 0.48, "host_edge_id": 237, "host_edge_len": 3.13, "host_comp_size": 273.0 }, "geometry": { "type": "Point", "coordinates": [ 1.492805498256045, 42.46451889992656 ] } },
{ "type": "Feature", "properties": { "nom": "Sant Julia i Sant Germa de Loria", "tipus_desti": "equipament", "escenari": "older_adults", "model_id": "baseline", "model_label": "Base sense pendent", "proj_dist_m": 2.38, "host_edge_id": 259, "host_edge_len": 1.18, "host_comp_size": 273.0 }, "geometry": { "type": "Point", "coordinates": [ 1.49087726312048, 42.463772258544545 ] } },
{ "type": "Feature", "properties": { "nom": "Centre Major - Centre de dia", "tipus_desti": "equipament", "escenari": "older_adults", "model_id": "baseline", "model_label": "Base sense pendent", "proj_dist_m": 2.33, "host_edge_id": 284, "host_edge_len": 7.08, "host_comp_size": 273.0 }, "geometry": { "type": "Point", "coordinates": [ 1.490927982853191, 42.463057591470601 ] } },
{ "type": "Feature", "properties": { "nom": "Centre d'Atencio Primaria", "tipus_desti": "equipament", "escenari": "older_adults", "model_id": "baseline", "model_label": "Base sense pendent", "proj_dist_m": 2.33, "host_edge_id": 284, "host_edge_len": 7.08, "host_comp_size": 273.0 }, "geometry": { "type": "Point", "coordinates": [ 1.490927982853191, 42.463057591470601 ] } },
{ "type": "Feature", "properties": { "nom": "Cementiri vell de Sant Julia de Loria", "tipus_desti": "equipament", "escenari": "older_adults", "model_id": "baseline", "model_label": "Base sense pendent", "proj_dist_m": 2.89, "host_edge_id": 95, "host_edge_len": 9.49, "host_comp_size": 273.0 }, "geometry": { "type": "Point", "coordinates": [ 1.48963429007093, 42.460459902049777 ] } },
{ "type": "Feature", "properties": { "nom": "AR+I", "tipus_desti": "equipament", "escenari": "older_adults", "model_id": "baseline", "model_label": "Base sense pendent", "proj_dist_m": 2.21, "host_edge_id": 8, "host_edge_len": 63.48, "host_comp_size": 273.0 }, "geometry": { "type": "Point", "coordinates": [ 1.492537822356041, 42.468898085030119 ] } },
{ "type": "Feature", "properties": { "nom": "Ministeri d'educacio", "tipus_desti": "equipament", "escenari": "older_adults", "model_id": "baseline", "model_label": "Base sense pendent", "proj_dist_m": 2.21, "host_edge_id": 8, "host_edge_len": 63.48, "host_comp_size": 273.0 }, "geometry": { "type": "Point", "coordinates": [ 1.492537822356041, 42.468898085030119 ] } },
{ "type": "Feature", "properties": { "nom": "Comu de Sant Julia de Loria", "tipus_desti": "equipament", "escenari": "older_adults", "model_id": "baseline", "model_label": "Base sense pendent", "proj_dist_m": 2.21, "host_edge_id": 8, "host_edge_len": 63.48, "host_comp_size": 273.0 }, "geometry": { "type": "Point", "coordinates": [ 1.492537822356041, 42.468898085030119 ] } },
{ "type": "Feature", "properties": { "nom": "Sant Bartomeu", "tipus_desti": "equipament", "escenari": "older_adults", "model_id": "baseline", "model_label": "Base sense pendent", "proj_dist_m": 1.91, "host_edge_id": 181, "host_edge_len": 83.75, "host_comp_size": 273.0 }, "geometry": { "type": "Point", "coordinates": [ 1.492791835519281, 42.466733371255749 ] } },
{ "type": "Feature", "properties": { "nom": "Universitat Carlemany", "tipus_desti": "equipament", "escenari": "older_adults", "model_id": "baseline", "model_label": "Base sense pendent", "proj_dist_m": 1.04, "host_edge_id": 83, "host_edge_len": 4.72, "host_comp_size": 273.0 }, "geometry": { "type": "Point", "coordinates": [ 1.491806540065834, 42.465980819077593 ] } },
{ "type": "Feature", "properties": { "nom": "Espai Laurèdia Jove", "tipus_desti": "equipament", "escenari": "older_adults", "model_id": "baseline", "model_label": "Base sense pendent", "proj_dist_m": 2.89, "host_edge_id": 88, "host_edge_len": 4.46, "host_comp_size": 273.0 }, "geometry": { "type": "Point", "coordinates": [ 1.490665611359403, 42.464933179918297 ] } },
{ "type": "Feature", "properties": { "nom": "Local de Corrreu i La Poste", "tipus_desti": "equipament", "escenari": "older_adults", "model_id": "baseline", "model_label": "Base sense pendent", "proj_dist_m": 2.35, "host_edge_id": 93, "host_edge_len": 2.68, "host_comp_size": 273.0 }, "geometry": { "type": "Point", "coordinates": [ 1.490977996242735, 42.463343641991479 ] } },
{ "type": "Feature", "properties": { "nom": "Espai saludable per a la gent gran", "tipus_desti": "equipament", "escenari": "older_adults", "model_id": "baseline", "model_label": "Base sense pendent", "proj_dist_m": 1.67, "host_edge_id": 107, "host_edge_len": 8.43, "host_comp_size": 273.0 }, "geometry": { "type": "Point", "coordinates": [ 1.492283973756737, 42.47374634701233 ] } },
{ "type": "Feature", "properties": { "nom": "Universitat Europea", "tipus_desti": "equipament", "escenari": "older_adults", "model_id": "baseline", "model_label": "Base sense pendent", "proj_dist_m": 1.02, "host_edge_id": 90, "host_edge_len": 12.51, "host_comp_size": 273.0 }, "geometry": { "type": "Point", "coordinates": [ 1.489976466006734, 42.464372003044602 ] } },
{ "type": "Feature", "properties": { "nom": "Escola Bressol Laurèdia Xics", "tipus_desti": "equipament", "escenari": "older_adults", "model_id": "baseline", "model_label": "Base sense pendent", "proj_dist_m": 2.38, "host_edge_id": 249, "host_edge_len": 18.9, "host_comp_size": 273.0 }, "geometry": { "type": "Point", "coordinates": [ 1.491358954420286, 42.462853260163932 ] } },
{ "type": "Feature", "properties": { "nom": "Sala de vetlles", "tipus_desti": "equipament", "escenari": "older_adults", "model_id": "baseline", "model_label": "Base sense pendent", "proj_dist_m": 2.99, "host_edge_id": 92, "host_edge_len": 5.33, "host_comp_size": 273.0 }, "geometry": { "type": "Point", "coordinates": [ 1.491329096469825, 42.463418242712841 ] } },
{ "type": "Feature", "properties": { "nom": "Centre Esportiu de Sant Julia de Loria", "tipus_desti": "equipament", "escenari": "older_adults", "model_id": "baseline", "model_label": "Base sense pendent", "proj_dist_m": 2.46, "host_edge_id": 85, "host_edge_len": 4.2, "host_comp_size": 273.0 }, "geometry": { "type": "Point", "coordinates": [ 1.492173065456378, 42.465633412026762 ] } },
{ "type": "Feature", "properties": { "nom": "Pont de Fontaneda · Andorra la Vella", "tipus_desti": "bus_interparroquial", "escenari": "older_adults", "model_id": "baseline", "model_label": "Base sense pendent", "proj_dist_m": 2.38, "host_edge_id": 296, "host_edge_len": 12.62, "host_comp_size": 273.0 }, "geometry": { "type": "Point", "coordinates": [ 1.490536887525985, 42.461945572981229 ] } },
{ "type": "Feature", "properties": { "nom": "Pont de Fontaneda · Espanya", "tipus_desti": "bus_interparroquial", "escenari": "older_adults", "model_id": "baseline", "model_label": "Base sense pendent", "proj_dist_m": 2.07, "host_edge_id": 302, "host_edge_len": 9.18, "host_comp_size": 273.0 }, "geometry": { "type": "Point", "coordinates": [ 1.489443516134238, 42.461662675805222 ] } },
{ "type": "Feature", "properties": { "nom": "La Valireta · Espanya", "tipus_desti": "bus_interparroquial", "escenari": "older_adults", "model_id": "baseline", "model_label": "Base sense pendent", "proj_dist_m": 2.23, "host_edge_id": 294, "host_edge_len": 7.79, "host_comp_size": 273.0 }, "geometry": { "type": "Point", "coordinates": [ 1.489317524495576, 42.46404994009513 ] } },
{ "type": "Feature", "properties": { "nom": "La Valireta · Andorra la Vella", "tipus_desti": "bus_interparroquial", "escenari": "older_adults", "model_id": "baseline", "model_label": "Base sense pendent", "proj_dist_m": 2.38, "host_edge_id": 295, "host_edge_len": 6.37, "host_comp_size": 273.0 }, "geometry": { "type": "Point", "coordinates": [ 1.489993684399419, 42.464023997012951 ] } },
{ "type": "Feature", "properties": { "nom": "Riu d'Auvinyà · Espanya", "tipus_desti": "bus_interparroquial", "escenari": "older_adults", "model_id": "baseline", "model_label": "Base sense pendent", "proj_dist_m": 0.92, "host_edge_id": 304, "host_edge_len": 7.93, "host_comp_size": 273.0 }, "geometry": { "type": "Point", "coordinates": [ 1.487408147872027, 42.457972085726986 ] } },
{ "type": "Feature", "properties": { "nom": "Riu d'Auvinyà · Andorra la Vella", "tipus_desti": "bus_interparroquial", "escenari": "older_adults", "model_id": "baseline", "model_label": "Base sense pendent", "proj_dist_m": 2.39, "host_edge_id": 305, "host_edge_len": 8.34, "host_comp_size": 273.0 }, "geometry": { "type": "Point", "coordinates": [ 1.487627188346534, 42.457940727460283 ] } },
{ "type": "Feature", "properties": { "nom": "Prat Gran · Espanya", "tipus_desti": "bus_interparroquial", "escenari": "older_adults", "model_id": "baseline", "model_label": "Base sense pendent", "proj_dist_m": 1.35, "host_edge_id": 301, "host_edge_len": 6.1, "host_comp_size": 273.0 }, "geometry": { "type": "Point", "coordinates": [ 1.492099075629561, 42.467332080352598 ] } },
{ "type": "Feature", "properties": { "nom": "Prat Gran · Andorra la Vella", "tipus_desti": "bus_interparroquial", "escenari": "older_adults", "model_id": "baseline", "model_label": "Base sense pendent", "proj_dist_m": 2.38, "host_edge_id": 300, "host_edge_len": 9.26, "host_comp_size": 273.0 }, "geometry": { "type": "Point", "coordinates": [ 1.492759361887212, 42.468602284179738 ] } },
{ "type": "Feature", "properties": { "nom": "La Planella", "tipus_desti": "bus_interparroquial", "escenari": "older_adults", "model_id": "baseline", "model_label": "Base sense pendent", "proj_dist_m": 1.48, "host_edge_id": 303, "host_edge_len": 8.33, "host_comp_size": 273.0 }, "geometry": { "type": "Point", "coordinates": [ 1.489190741144889, 42.460153415653053 ] } },
{ "type": "Feature", "properties": { "nom": "La Riberola", "tipus_desti": "bus_interparroquial", "escenari": "older_adults", "model_id": "baseline", "model_label": "Base sense pendent", "proj_dist_m": 2.3, "host_edge_id": 306, "host_edge_len": 8.93, "host_comp_size": 273.0 }, "geometry": { "type": "Point", "coordinates": [ 1.486649326274593, 42.454860139099978 ] } },
{ "type": "Feature", "properties": { "nom": "Rotonda d'Aixovall", "tipus_desti": "bus_interparroquial", "escenari": "older_adults", "model_id": "baseline", "model_label": "Base sense pendent", "proj_dist_m": 0.6, "host_edge_id": 297, "host_edge_len": 9.27, "host_comp_size": 273.0 }, "geometry": { "type": "Point", "coordinates": [ 1.490098107666714, 42.476573385756062 ] } },
{ "type": "Feature", "properties": { "nom": "Les Arades", "tipus_desti": "bus_interparroquial", "escenari": "older_adults", "model_id": "baseline", "model_label": "Base sense pendent", "proj_dist_m": 2.38, "host_edge_id": 298, "host_edge_len": 14.54, "host_comp_size": 273.0 }, "geometry": { "type": "Point", "coordinates": [ 1.493458917954566, 42.471441040388633 ] } },
{ "type": "Feature", "properties": { "nom": "Av. de Rocafort", "tipus_desti": "bus_interparroquial", "escenari": "older_adults", "model_id": "baseline", "model_label": "Base sense pendent", "proj_dist_m": 2.18, "host_edge_id": 299, "host_edge_len": 8.24, "host_comp_size": 273.0 }, "geometry": { "type": "Point", "coordinates": [ 1.493109603671952, 42.471207091997293 ] } },
{ "type": "Feature", "properties": { "nom": "Parc Prat del Senzill", "tipus_desti": "espai_lliure", "escenari": "older_adults", "model_id": "baseline", "model_label": "Base sense pendent", "proj_dist_m": 0.0, "host_edge_id": 290, "host_edge_len": 56.16, "host_comp_size": 273.0 }, "geometry": { "type": "Point", "coordinates": [ 1.488696356696791, 42.460556563619065 ] } },
{ "type": "Feature", "properties": { "nom": "Plaça del Sola", "tipus_desti": "espai_lliure", "escenari": "older_adults", "model_id": "baseline", "model_label": "Base sense pendent", "proj_dist_m": 0.0, "host_edge_id": 289, "host_edge_len": 2.26, "host_comp_size": 273.0 }, "geometry": { "type": "Point", "coordinates": [ 1.490188299985498, 42.461580807809241 ] } },
{ "type": "Feature", "properties": { "nom": "Plaça Francesc Cairat", "tipus_desti": "espai_lliure", "escenari": "older_adults", "model_id": "baseline", "model_label": "Base sense pendent", "proj_dist_m": 0.0, "host_edge_id": 288, "host_edge_len": 13.48, "host_comp_size": 273.0 }, "geometry": { "type": "Point", "coordinates": [ 1.490524163141318, 42.462140880764842 ] } },
{ "type": "Feature", "properties": { "nom": "Plaça Major", "tipus_desti": "espai_lliure", "escenari": "older_adults", "model_id": "baseline", "model_label": "Base sense pendent", "proj_dist_m": 0.0, "host_edge_id": 308, "host_edge_len": 6.17, "host_comp_size": 273.0 }, "geometry": { "type": "Point", "coordinates": [ 1.491014053301921, 42.463228573602223 ] } },
{ "type": "Feature", "properties": { "nom": "Plaça del Mallador", "tipus_desti": "espai_lliure", "escenari": "older_adults", "model_id": "baseline", "model_label": "Base sense pendent", "proj_dist_m": 0.0, "host_edge_id": 283, "host_edge_len": 8.38, "host_comp_size": 273.0 }, "geometry": { "type": "Point", "coordinates": [ 1.490403092919012, 42.463794850752549 ] } },
{ "type": "Feature", "properties": { "nom": "Plaça de Sant Roc", "tipus_desti": "espai_lliure", "escenari": "older_adults", "model_id": "baseline", "model_label": "Base sense pendent", "proj_dist_m": 0.0, "host_edge_id": 282, "host_edge_len": 11.42, "host_comp_size": 273.0 }, "geometry": { "type": "Point", "coordinates": [ 1.49127624199545, 42.463990120811083 ] } },
{ "type": "Feature", "properties": { "nom": "Plaça de la Germandat", "tipus_desti": "espai_lliure", "escenari": "older_adults", "model_id": "baseline", "model_label": "Base sense pendent", "proj_dist_m": 0.0, "host_edge_id": 277, "host_edge_len": 1.54, "host_comp_size": 273.0 }, "geometry": { "type": "Point", "coordinates": [ 1.490691508653851, 42.465328145253821 ] } },
{ "type": "Feature", "properties": { "nom": "Parc Infantil Camp de Perot", "tipus_desti": "espai_lliure", "escenari": "older_adults", "model_id": "baseline", "model_label": "Base sense pendent", "proj_dist_m": 4.21, "host_edge_id": 94, "host_edge_len": 48.27, "host_comp_size": 273.0 }, "geometry": { "type": "Point", "coordinates": [ 1.492228313542697, 42.463116772259276 ] } },
{ "type": "Feature", "properties": { "nom": "Plaça de Calonge Sant Antoni", "tipus_desti": "espai_lliure", "escenari": "older_adults", "model_id": "baseline", "model_label": "Base sense pendent", "proj_dist_m": 0.0, "host_edge_id": 278, "host_edge_len": 7.13, "host_comp_size": 273.0 }, "geometry": { "type": "Point", "coordinates": [ 1.491863049608281, 42.465825034487821 ] } },
{ "type": "Feature", "properties": { "nom": "Plaça de Lauredia", "tipus_desti": "espai_lliure", "escenari": "older_adults", "model_id": "baseline", "model_label": "Base sense pendent", "proj_dist_m": 0.0, "host_edge_id": 273, "host_edge_len": 9.02, "host_comp_size": 273.0 }, "geometry": { "type": "Point", "coordinates": [ 1.492155608298784, 42.46712465538117 ] } },
{ "type": "Feature", "properties": { "nom": "Plaça Rocacorba", "tipus_desti": "espai_lliure", "escenari": "older_adults", "model_id": "baseline", "model_label": "Base sense pendent", "proj_dist_m": 0.0, "host_edge_id": 269, "host_edge_len": 6.25, "host_comp_size": 273.0 }, "geometry": { "type": "Point", "coordinates": [ 1.493161774581143, 42.470427915761718 ] } },
{ "type": "Feature", "properties": { "nom": "Plaça del Moli", "tipus_desti": "espai_lliure", "escenari": "older_adults", "model_id": "baseline", "model_label": "Base sense pendent", "proj_dist_m": 0.0, "host_edge_id": 270, "host_edge_len": 6.57, "host_comp_size": 273.0 }, "geometry": { "type": "Point", "coordinates": [ 1.492916061918417, 42.469859590709945 ] } },
{ "type": "Feature", "properties": { "nom": "Plaça del Moli", "tipus_desti": "espai_lliure", "escenari": "older_adults", "model_id": "baseline", "model_label": "Base sense pendent", "proj_dist_m": 0.0, "host_edge_id": 271, "host_edge_len": 7.72, "host_comp_size": 273.0 }, "geometry": { "type": "Point", "coordinates": [ 1.49276571746631, 42.469082430725265 ] } },
{ "type": "Feature", "properties": { "nom": "Parc Infantil del Prat Gran", "tipus_desti": "espai_lliure", "escenari": "older_adults", "model_id": "baseline", "model_label": "Base sense pendent", "proj_dist_m": 0.0, "host_edge_id": 272, "host_edge_len": 1.58, "host_comp_size": 273.0 }, "geometry": { "type": "Point", "coordinates": [ 1.49272730923829, 42.46814730676433 ] } },
{ "type": "Feature", "properties": { "nom": "Plaça de Lauredia", "tipus_desti": "espai_lliure", "escenari": "older_adults", "model_id": "baseline", "model_label": "Base sense pendent", "proj_dist_m": 0.0, "host_edge_id": 275, "host_edge_len": 7.91, "host_comp_size": 273.0 }, "geometry": { "type": "Point", "coordinates": [ 1.492339191741116, 42.466731760951589 ] } },
{ "type": "Feature", "properties": { "nom": "Plaça de Lauredia", "tipus_desti": "espai_lliure", "escenari": "older_adults", "model_id": "baseline", "model_label": "Base sense pendent", "proj_dist_m": 0.0, "host_edge_id": 274, "host_edge_len": 3.89, "host_comp_size": 273.0 }, "geometry": { "type": "Point", "coordinates": [ 1.492474472859908, 42.466878414754639 ] } },
{ "type": "Feature", "properties": { "nom": "Plaça de Calonge Sant Antoni", "tipus_desti": "espai_lliure", "escenari": "older_adults", "model_id": "baseline", "model_label": "Base sense pendent", "proj_dist_m": 0.0, "host_edge_id": 280, "host_edge_len": 5.64, "host_comp_size": 273.0 }, "geometry": { "type": "Point", "coordinates": [ 1.491836708456538, 42.465678413851379 ] } },
{ "type": "Feature", "properties": { "nom": "Plaça de Calonge Sant Antoni", "tipus_desti": "espai_lliure", "escenari": "older_adults", "model_id": "baseline", "model_label": "Base sense pendent", "proj_dist_m": 0.28, "host_edge_id": 279, "host_edge_len": 0.51, "host_comp_size": 273.0 }, "geometry": { "type": "Point", "coordinates": [ 1.492116204555384, 42.465674808866453 ] } },
{ "type": "Feature", "properties": { "nom": "Plaça de la Germandat", "tipus_desti": "espai_lliure", "escenari": "older_adults", "model_id": "baseline", "model_label": "Base sense pendent", "proj_dist_m": 0.0, "host_edge_id": 276, "host_edge_len": 2.8, "host_comp_size": 273.0 }, "geometry": { "type": "Point", "coordinates": [ 1.491046597353278, 42.465221975502416 ] } },
{ "type": "Feature", "properties": { "nom": "Plaça de la Germandat", "tipus_desti": "espai_lliure", "escenari": "older_adults", "model_id": "baseline", "model_label": "Base sense pendent", "proj_dist_m": 0.3, "host_edge_id": 163, "host_edge_len": 27.98, "host_comp_size": 273.0 }, "geometry": { "type": "Point", "coordinates": [ 1.490909618090986, 42.464944763643693 ] } },
{ "type": "Feature", "properties": { "nom": "Plaça Major", "tipus_desti": "espai_lliure", "escenari": "older_adults", "model_id": "baseline", "model_label": "Base sense pendent", "proj_dist_m": 0.0, "host_edge_id": 307, "host_edge_len": 2.74, "host_comp_size": 273.0 }, "geometry": { "type": "Point", "coordinates": [ 1.491077175428414, 42.462887782083293 ] } },
{ "type": "Feature", "properties": { "nom": "Plaça Major", "tipus_desti": "espai_lliure", "escenari": "older_adults", "model_id": "baseline", "model_label": "Base sense pendent", "proj_dist_m": 0.0, "host_edge_id": 284, "host_edge_len": 7.08, "host_comp_size": 273.0 }, "geometry": { "type": "Point", "coordinates": [ 1.490999707539614, 42.463093118017333 ] } },
{ "type": "Feature", "properties": { "nom": "Plaça Francesc Cairat", "tipus_desti": "espai_lliure", "escenari": "older_adults", "model_id": "baseline", "model_label": "Base sense pendent", "proj_dist_m": 0.0, "host_edge_id": 285, "host_edge_len": 3.75, "host_comp_size": 273.0 }, "geometry": { "type": "Point", "coordinates": [ 1.490709177510769, 42.462099554760151 ] } },
{ "type": "Feature", "properties": { "nom": "Plaça del Sola", "tipus_desti": "espai_lliure", "escenari": "older_adults", "model_id": "baseline", "model_label": "Base sense pendent", "proj_dist_m": 0.48, "host_edge_id": 39, "host_edge_len": 52.82, "host_comp_size": 273.0 }, "geometry": { "type": "Point", "coordinates": [ 1.489877774045403, 42.461486956923736 ] } },
{ "type": "Feature", "properties": { "nom": "Plaça del Tossal", "tipus_desti": "espai_lliure", "escenari": "older_adults", "model_id": "baseline", "model_label": "Base sense pendent", "proj_dist_m": 0.0, "host_edge_id": 291, "host_edge_len": 8.27, "host_comp_size": 273.0 }, "geometry": { "type": "Point", "coordinates": [ 1.491625000269186, 42.460554674293924 ] } },
{ "type": "Feature", "properties": { "nom": "Parc Infantil de Terra Bogada", "tipus_desti": "espai_lliure", "escenari": "older_adults", "model_id": "baseline", "model_label": "Base sense pendent", "proj_dist_m": 0.0, "host_edge_id": 281, "host_edge_len": 18.47, "host_comp_size": 273.0 }, "geometry": { "type": "Point", "coordinates": [ 1.497026606312613, 42.467335656586918 ] } },
{ "type": "Feature", "properties": { "nom": "Plaça d'Aixirivall", "tipus_desti": "espai_lliure", "escenari": "older_adults", "model_id": "baseline", "model_label": "Base sense pendent", "proj_dist_m": 0.0, "host_edge_id": 293, "host_edge_len": 10.57, "host_comp_size": 273.0 }, "geometry": { "type": "Point", "coordinates": [ 1.501992243368786, 42.462684316366762 ] } },
{ "type": "Feature", "properties": { "nom": "Parc Infantil d'Aixirivall", "tipus_desti": "espai_lliure", "escenari": "older_adults", "model_id": "baseline", "model_label": "Base sense pendent", "proj_dist_m": 0.0, "host_edge_id": 292, "host_edge_len": 6.56, "host_comp_size": 273.0 }, "geometry": { "type": "Point", "coordinates": [ 1.501847849853668, 42.462577636833835 ] } },
{ "type": "Feature", "properties": { "nom": "Oficina de tursime", "tipus_desti": "equipament", "escenari": "children_0_12", "model_id": "baseline", "model_label": "Base sense pendent", "proj_dist_m": 2.67, "host_edge_id": 95, "host_edge_len": 15.48, "host_comp_size": 282.0 }, "geometry": { "type": "Point", "coordinates": [ 1.492592689272066, 42.466582233830486 ] } },
{ "type": "Feature", "properties": { "nom": "Escola Andorra de Loria", "tipus_desti": "equipament", "escenari": "children_0_12", "model_id": "baseline", "model_label": "Base sense pendent", "proj_dist_m": 2.38, "host_edge_id": 268, "host_edge_len": 1.12, "host_comp_size": 282.0 }, "geometry": { "type": "Point", "coordinates": [ 1.493898247438061, 42.464941525701896 ] } },
{ "type": "Feature", "properties": { "nom": "Escola Francesa", "tipus_desti": "equipament", "escenari": "children_0_12", "model_id": "baseline", "model_label": "Base sense pendent", "proj_dist_m": 1.76, "host_edge_id": 253, "host_edge_len": 17.66, "host_comp_size": 282.0 }, "geometry": { "type": "Point", "coordinates": [ 1.49222108372848, 42.464996085596447 ] } },
{ "type": "Feature", "properties": { "nom": "Universitat d'Andorra", "tipus_desti": "equipament", "escenari": "children_0_12", "model_id": "baseline", "model_label": "Base sense pendent", "proj_dist_m": 1.24, "host_edge_id": 99, "host_edge_len": 8.53, "host_comp_size": 282.0 }, "geometry": { "type": "Point", "coordinates": [ 1.490699024056204, 42.465414315430337 ] } },
{ "type": "Feature", "properties": { "nom": "Biblioteca de Sant Julia de Loria", "tipus_desti": "equipament", "escenari": "children_0_12", "model_id": "baseline", "model_label": "Base sense pendent", "proj_dist_m": 1.62, "host_edge_id": 100, "host_edge_len": 3.38, "host_comp_size": 282.0 }, "geometry": { "type": "Point", "coordinates": [ 1.490505264155856, 42.465176495577204 ] } },
{ "type": "Feature", "properties": { "nom": "Auditori Rocafort", "tipus_desti": "equipament", "escenari": "children_0_12", "model_id": "baseline", "model_label": "Base sense pendent", "proj_dist_m": 1.62, "host_edge_id": 100, "host_edge_len": 3.38, "host_comp_size": 282.0 }, "geometry": { "type": "Point", "coordinates": [ 1.490505264155856, 42.465176495577204 ] } },
{ "type": "Feature", "properties": { "nom": "Centre Cultural i de Congressos Lauredia", "tipus_desti": "equipament", "escenari": "children_0_12", "model_id": "baseline", "model_label": "Base sense pendent", "proj_dist_m": 1.62, "host_edge_id": 100, "host_edge_len": 3.38, "host_comp_size": 282.0 }, "geometry": { "type": "Point", "coordinates": [ 1.490505264155856, 42.465176495577204 ] } },
{ "type": "Feature", "properties": { "nom": "Oficines del Servei de Circulació", "tipus_desti": "equipament", "escenari": "children_0_12", "model_id": "baseline", "model_label": "Base sense pendent", "proj_dist_m": 1.62, "host_edge_id": 100, "host_edge_len": 3.38, "host_comp_size": 282.0 }, "geometry": { "type": "Point", "coordinates": [ 1.490505264155856, 42.465176495577204 ] } },
{ "type": "Feature", "properties": { "nom": "Comu vell de Loria", "tipus_desti": "equipament", "escenari": "children_0_12", "model_id": "baseline", "model_label": "Base sense pendent", "proj_dist_m": 2.38, "host_edge_id": 272, "host_edge_len": 1.22, "host_comp_size": 282.0 }, "geometry": { "type": "Point", "coordinates": [ 1.491178119661565, 42.46472752870875 ] } },
{ "type": "Feature", "properties": { "nom": "Escola Andorra de Loria", "tipus_desti": "equipament", "escenari": "children_0_12", "model_id": "baseline", "model_label": "Base sense pendent", "proj_dist_m": 0.48, "host_edge_id": 251, "host_edge_len": 3.13, "host_comp_size": 282.0 }, "geometry": { "type": "Point", "coordinates": [ 1.492805498256045, 42.46451889992656 ] } },
{ "type": "Feature", "properties": { "nom": "Sant Julia i Sant Germa de Loria", "tipus_desti": "equipament", "escenari": "children_0_12", "model_id": "baseline", "model_label": "Base sense pendent", "proj_dist_m": 2.38, "host_edge_id": 274, "host_edge_len": 1.18, "host_comp_size": 282.0 }, "geometry": { "type": "Point", "coordinates": [ 1.49087726312048, 42.463772258544545 ] } },
{ "type": "Feature", "properties": { "nom": "Centre Major - Centre de dia", "tipus_desti": "equipament", "escenari": "children_0_12", "model_id": "baseline", "model_label": "Base sense pendent", "proj_dist_m": 2.33, "host_edge_id": 302, "host_edge_len": 7.08, "host_comp_size": 282.0 }, "geometry": { "type": "Point", "coordinates": [ 1.490927982853191, 42.463057591470601 ] } },
{ "type": "Feature", "properties": { "nom": "Centre d'Atencio Primaria", "tipus_desti": "equipament", "escenari": "children_0_12", "model_id": "baseline", "model_label": "Base sense pendent", "proj_dist_m": 2.33, "host_edge_id": 302, "host_edge_len": 7.08, "host_comp_size": 282.0 }, "geometry": { "type": "Point", "coordinates": [ 1.490927982853191, 42.463057591470601 ] } },
{ "type": "Feature", "properties": { "nom": "Cementiri vell de Sant Julia de Loria", "tipus_desti": "equipament", "escenari": "children_0_12", "model_id": "baseline", "model_label": "Base sense pendent", "proj_dist_m": 2.89, "host_edge_id": 108, "host_edge_len": 9.49, "host_comp_size": 282.0 }, "geometry": { "type": "Point", "coordinates": [ 1.48963429007093, 42.460459902049777 ] } },
{ "type": "Feature", "properties": { "nom": "AR+I", "tipus_desti": "equipament", "escenari": "children_0_12", "model_id": "baseline", "model_label": "Base sense pendent", "proj_dist_m": 2.21, "host_edge_id": 8, "host_edge_len": 63.48, "host_comp_size": 282.0 }, "geometry": { "type": "Point", "coordinates": [ 1.492537822356041, 42.468898085030119 ] } },
{ "type": "Feature", "properties": { "nom": "Ministeri d'educacio", "tipus_desti": "equipament", "escenari": "children_0_12", "model_id": "baseline", "model_label": "Base sense pendent", "proj_dist_m": 2.21, "host_edge_id": 8, "host_edge_len": 63.48, "host_comp_size": 282.0 }, "geometry": { "type": "Point", "coordinates": [ 1.492537822356041, 42.468898085030119 ] } },
{ "type": "Feature", "properties": { "nom": "Comu de Sant Julia de Loria", "tipus_desti": "equipament", "escenari": "children_0_12", "model_id": "baseline", "model_label": "Base sense pendent", "proj_dist_m": 2.21, "host_edge_id": 8, "host_edge_len": 63.48, "host_comp_size": 282.0 }, "geometry": { "type": "Point", "coordinates": [ 1.492537822356041, 42.468898085030119 ] } },
{ "type": "Feature", "properties": { "nom": "Sant Bartomeu", "tipus_desti": "equipament", "escenari": "children_0_12", "model_id": "baseline", "model_label": "Base sense pendent", "proj_dist_m": 1.91, "host_edge_id": 195, "host_edge_len": 83.75, "host_comp_size": 282.0 }, "geometry": { "type": "Point", "coordinates": [ 1.492791835519281, 42.466733371255749 ] } },
{ "type": "Feature", "properties": { "nom": "Universitat Carlemany", "tipus_desti": "equipament", "escenari": "children_0_12", "model_id": "baseline", "model_label": "Base sense pendent", "proj_dist_m": 1.04, "host_edge_id": 96, "host_edge_len": 4.72, "host_comp_size": 282.0 }, "geometry": { "type": "Point", "coordinates": [ 1.491806540065834, 42.465980819077593 ] } },
{ "type": "Feature", "properties": { "nom": "Espai Laurèdia Jove", "tipus_desti": "equipament", "escenari": "children_0_12", "model_id": "baseline", "model_label": "Base sense pendent", "proj_dist_m": 2.89, "host_edge_id": 101, "host_edge_len": 4.46, "host_comp_size": 282.0 }, "geometry": { "type": "Point", "coordinates": [ 1.490665611359403, 42.464933179918297 ] } },
{ "type": "Feature", "properties": { "nom": "Local de Corrreu i La Poste", "tipus_desti": "equipament", "escenari": "children_0_12", "model_id": "baseline", "model_label": "Base sense pendent", "proj_dist_m": 2.35, "host_edge_id": 106, "host_edge_len": 2.68, "host_comp_size": 282.0 }, "geometry": { "type": "Point", "coordinates": [ 1.490977996242735, 42.463343641991479 ] } },
{ "type": "Feature", "properties": { "nom": "Espai saludable per a la gent gran", "tipus_desti": "equipament", "escenari": "children_0_12", "model_id": "baseline", "model_label": "Base sense pendent", "proj_dist_m": 1.67, "host_edge_id": 120, "host_edge_len": 8.43, "host_comp_size": 282.0 }, "geometry": { "type": "Point", "coordinates": [ 1.492283973756737, 42.47374634701233 ] } },
{ "type": "Feature", "properties": { "nom": "Universitat Europea", "tipus_desti": "equipament", "escenari": "children_0_12", "model_id": "baseline", "model_label": "Base sense pendent", "proj_dist_m": 1.02, "host_edge_id": 103, "host_edge_len": 12.51, "host_comp_size": 282.0 }, "geometry": { "type": "Point", "coordinates": [ 1.489976466006734, 42.464372003044602 ] } },
{ "type": "Feature", "properties": { "nom": "Escola Bressol Laurèdia Xics", "tipus_desti": "equipament", "escenari": "children_0_12", "model_id": "baseline", "model_label": "Base sense pendent", "proj_dist_m": 2.38, "host_edge_id": 263, "host_edge_len": 18.9, "host_comp_size": 282.0 }, "geometry": { "type": "Point", "coordinates": [ 1.491358954420286, 42.462853260163932 ] } },
{ "type": "Feature", "properties": { "nom": "Sala de vetlles", "tipus_desti": "equipament", "escenari": "children_0_12", "model_id": "baseline", "model_label": "Base sense pendent", "proj_dist_m": 2.99, "host_edge_id": 105, "host_edge_len": 5.33, "host_comp_size": 282.0 }, "geometry": { "type": "Point", "coordinates": [ 1.491329096469825, 42.463418242712841 ] } },
{ "type": "Feature", "properties": { "nom": "Centre Esportiu de Sant Julia de Loria", "tipus_desti": "equipament", "escenari": "children_0_12", "model_id": "baseline", "model_label": "Base sense pendent", "proj_dist_m": 2.46, "host_edge_id": 98, "host_edge_len": 4.2, "host_comp_size": 282.0 }, "geometry": { "type": "Point", "coordinates": [ 1.492173065456378, 42.465633412026762 ] } },
{ "type": "Feature", "properties": { "nom": "Pont de Fontaneda · Andorra la Vella", "tipus_desti": "bus_interparroquial", "escenari": "children_0_12", "model_id": "baseline", "model_label": "Base sense pendent", "proj_dist_m": 2.38, "host_edge_id": 314, "host_edge_len": 12.62, "host_comp_size": 282.0 }, "geometry": { "type": "Point", "coordinates": [ 1.490536887525985, 42.461945572981229 ] } },
{ "type": "Feature", "properties": { "nom": "Pont de Fontaneda · Espanya", "tipus_desti": "bus_interparroquial", "escenari": "children_0_12", "model_id": "baseline", "model_label": "Base sense pendent", "proj_dist_m": 2.07, "host_edge_id": 320, "host_edge_len": 9.18, "host_comp_size": 282.0 }, "geometry": { "type": "Point", "coordinates": [ 1.489443516134238, 42.461662675805222 ] } },
{ "type": "Feature", "properties": { "nom": "La Valireta · Espanya", "tipus_desti": "bus_interparroquial", "escenari": "children_0_12", "model_id": "baseline", "model_label": "Base sense pendent", "proj_dist_m": 2.23, "host_edge_id": 312, "host_edge_len": 7.79, "host_comp_size": 282.0 }, "geometry": { "type": "Point", "coordinates": [ 1.489317524495576, 42.46404994009513 ] } },
{ "type": "Feature", "properties": { "nom": "La Valireta · Andorra la Vella", "tipus_desti": "bus_interparroquial", "escenari": "children_0_12", "model_id": "baseline", "model_label": "Base sense pendent", "proj_dist_m": 2.38, "host_edge_id": 313, "host_edge_len": 6.37, "host_comp_size": 282.0 }, "geometry": { "type": "Point", "coordinates": [ 1.489993684399419, 42.464023997012951 ] } },
{ "type": "Feature", "properties": { "nom": "Riu d'Auvinyà · Espanya", "tipus_desti": "bus_interparroquial", "escenari": "children_0_12", "model_id": "baseline", "model_label": "Base sense pendent", "proj_dist_m": 0.92, "host_edge_id": 322, "host_edge_len": 7.93, "host_comp_size": 282.0 }, "geometry": { "type": "Point", "coordinates": [ 1.487408147872027, 42.457972085726986 ] } },
{ "type": "Feature", "properties": { "nom": "Riu d'Auvinyà · Andorra la Vella", "tipus_desti": "bus_interparroquial", "escenari": "children_0_12", "model_id": "baseline", "model_label": "Base sense pendent", "proj_dist_m": 2.39, "host_edge_id": 323, "host_edge_len": 8.34, "host_comp_size": 282.0 }, "geometry": { "type": "Point", "coordinates": [ 1.487627188346534, 42.457940727460283 ] } },
{ "type": "Feature", "properties": { "nom": "Prat Gran · Espanya", "tipus_desti": "bus_interparroquial", "escenari": "children_0_12", "model_id": "baseline", "model_label": "Base sense pendent", "proj_dist_m": 1.35, "host_edge_id": 319, "host_edge_len": 6.1, "host_comp_size": 282.0 }, "geometry": { "type": "Point", "coordinates": [ 1.492099075629561, 42.467332080352598 ] } },
{ "type": "Feature", "properties": { "nom": "Prat Gran · Andorra la Vella", "tipus_desti": "bus_interparroquial", "escenari": "children_0_12", "model_id": "baseline", "model_label": "Base sense pendent", "proj_dist_m": 2.38, "host_edge_id": 318, "host_edge_len": 9.26, "host_comp_size": 282.0 }, "geometry": { "type": "Point", "coordinates": [ 1.492759361887212, 42.468602284179738 ] } },
{ "type": "Feature", "properties": { "nom": "La Planella", "tipus_desti": "bus_interparroquial", "escenari": "children_0_12", "model_id": "baseline", "model_label": "Base sense pendent", "proj_dist_m": 1.48, "host_edge_id": 321, "host_edge_len": 8.33, "host_comp_size": 282.0 }, "geometry": { "type": "Point", "coordinates": [ 1.489190741144889, 42.460153415653053 ] } },
{ "type": "Feature", "properties": { "nom": "La Riberola", "tipus_desti": "bus_interparroquial", "escenari": "children_0_12", "model_id": "baseline", "model_label": "Base sense pendent", "proj_dist_m": 2.3, "host_edge_id": 324, "host_edge_len": 8.93, "host_comp_size": 282.0 }, "geometry": { "type": "Point", "coordinates": [ 1.486649326274593, 42.454860139099978 ] } },
{ "type": "Feature", "properties": { "nom": "Rotonda d'Aixovall", "tipus_desti": "bus_interparroquial", "escenari": "children_0_12", "model_id": "baseline", "model_label": "Base sense pendent", "proj_dist_m": 0.6, "host_edge_id": 315, "host_edge_len": 9.27, "host_comp_size": 282.0 }, "geometry": { "type": "Point", "coordinates": [ 1.490098107666714, 42.476573385756062 ] } },
{ "type": "Feature", "properties": { "nom": "Les Arades", "tipus_desti": "bus_interparroquial", "escenari": "children_0_12", "model_id": "baseline", "model_label": "Base sense pendent", "proj_dist_m": 2.38, "host_edge_id": 316, "host_edge_len": 14.54, "host_comp_size": 282.0 }, "geometry": { "type": "Point", "coordinates": [ 1.493458917954566, 42.471441040388633 ] } },
{ "type": "Feature", "properties": { "nom": "Av. de Rocafort", "tipus_desti": "bus_interparroquial", "escenari": "children_0_12", "model_id": "baseline", "model_label": "Base sense pendent", "proj_dist_m": 2.18, "host_edge_id": 317, "host_edge_len": 8.24, "host_comp_size": 282.0 }, "geometry": { "type": "Point", "coordinates": [ 1.493109603671952, 42.471207091997293 ] } },
{ "type": "Feature", "properties": { "nom": "Parc Prat del Senzill", "tipus_desti": "espai_lliure", "escenari": "children_0_12", "model_id": "baseline", "model_label": "Base sense pendent", "proj_dist_m": 0.0, "host_edge_id": 308, "host_edge_len": 56.16, "host_comp_size": 282.0 }, "geometry": { "type": "Point", "coordinates": [ 1.488696356696791, 42.460556563619065 ] } },
{ "type": "Feature", "properties": { "nom": "Plaça del Sola", "tipus_desti": "espai_lliure", "escenari": "children_0_12", "model_id": "baseline", "model_label": "Base sense pendent", "proj_dist_m": 0.0, "host_edge_id": 307, "host_edge_len": 2.26, "host_comp_size": 282.0 }, "geometry": { "type": "Point", "coordinates": [ 1.490188299985498, 42.461580807809241 ] } },
{ "type": "Feature", "properties": { "nom": "Plaça Francesc Cairat", "tipus_desti": "espai_lliure", "escenari": "children_0_12", "model_id": "baseline", "model_label": "Base sense pendent", "proj_dist_m": 0.0, "host_edge_id": 306, "host_edge_len": 13.48, "host_comp_size": 282.0 }, "geometry": { "type": "Point", "coordinates": [ 1.490524163141318, 42.462140880764842 ] } },
{ "type": "Feature", "properties": { "nom": "Plaça Major", "tipus_desti": "espai_lliure", "escenari": "children_0_12", "model_id": "baseline", "model_label": "Base sense pendent", "proj_dist_m": 0.0, "host_edge_id": 326, "host_edge_len": 6.17, "host_comp_size": 282.0 }, "geometry": { "type": "Point", "coordinates": [ 1.491014053301921, 42.463228573602223 ] } },
{ "type": "Feature", "properties": { "nom": "Plaça del Mallador", "tipus_desti": "espai_lliure", "escenari": "children_0_12", "model_id": "baseline", "model_label": "Base sense pendent", "proj_dist_m": 0.0, "host_edge_id": 301, "host_edge_len": 8.38, "host_comp_size": 282.0 }, "geometry": { "type": "Point", "coordinates": [ 1.490403092919012, 42.463794850752549 ] } },
{ "type": "Feature", "properties": { "nom": "Plaça de Sant Roc", "tipus_desti": "espai_lliure", "escenari": "children_0_12", "model_id": "baseline", "model_label": "Base sense pendent", "proj_dist_m": 0.0, "host_edge_id": 300, "host_edge_len": 11.42, "host_comp_size": 282.0 }, "geometry": { "type": "Point", "coordinates": [ 1.49127624199545, 42.463990120811083 ] } },
{ "type": "Feature", "properties": { "nom": "Plaça de la Germandat", "tipus_desti": "espai_lliure", "escenari": "children_0_12", "model_id": "baseline", "model_label": "Base sense pendent", "proj_dist_m": 0.0, "host_edge_id": 295, "host_edge_len": 1.54, "host_comp_size": 282.0 }, "geometry": { "type": "Point", "coordinates": [ 1.490691508653851, 42.465328145253821 ] } },
{ "type": "Feature", "properties": { "nom": "Parc Infantil Camp de Perot", "tipus_desti": "espai_lliure", "escenari": "children_0_12", "model_id": "baseline", "model_label": "Base sense pendent", "proj_dist_m": 4.21, "host_edge_id": 107, "host_edge_len": 48.27, "host_comp_size": 282.0 }, "geometry": { "type": "Point", "coordinates": [ 1.492228313542697, 42.463116772259276 ] } },
{ "type": "Feature", "properties": { "nom": "Plaça de Calonge Sant Antoni", "tipus_desti": "espai_lliure", "escenari": "children_0_12", "model_id": "baseline", "model_label": "Base sense pendent", "proj_dist_m": 0.0, "host_edge_id": 296, "host_edge_len": 7.13, "host_comp_size": 282.0 }, "geometry": { "type": "Point", "coordinates": [ 1.491863049608281, 42.465825034487821 ] } },
{ "type": "Feature", "properties": { "nom": "Plaça de Lauredia", "tipus_desti": "espai_lliure", "escenari": "children_0_12", "model_id": "baseline", "model_label": "Base sense pendent", "proj_dist_m": 0.0, "host_edge_id": 291, "host_edge_len": 9.02, "host_comp_size": 282.0 }, "geometry": { "type": "Point", "coordinates": [ 1.492155608298784, 42.46712465538117 ] } },
{ "type": "Feature", "properties": { "nom": "Parc Infantil del Prat Gran", "tipus_desti": "espai_lliure", "escenari": "children_0_12", "model_id": "baseline", "model_label": "Base sense pendent", "proj_dist_m": 0.0, "host_edge_id": 290, "host_edge_len": 2.52, "host_comp_size": 282.0 }, "geometry": { "type": "Point", "coordinates": [ 1.492945187220464, 42.46779740319375 ] } },
{ "type": "Feature", "properties": { "nom": "Plaça Rocacorba", "tipus_desti": "espai_lliure", "escenari": "children_0_12", "model_id": "baseline", "model_label": "Base sense pendent", "proj_dist_m": 0.0, "host_edge_id": 286, "host_edge_len": 6.25, "host_comp_size": 282.0 }, "geometry": { "type": "Point", "coordinates": [ 1.493161774581143, 42.470427915761718 ] } },
{ "type": "Feature", "properties": { "nom": "Plaça del Moli", "tipus_desti": "espai_lliure", "escenari": "children_0_12", "model_id": "baseline", "model_label": "Base sense pendent", "proj_dist_m": 0.0, "host_edge_id": 287, "host_edge_len": 6.57, "host_comp_size": 282.0 }, "geometry": { "type": "Point", "coordinates": [ 1.492916061918417, 42.469859590709945 ] } },
{ "type": "Feature", "properties": { "nom": "Plaça Rocacorba", "tipus_desti": "espai_lliure", "escenari": "children_0_12", "model_id": "baseline", "model_label": "Base sense pendent", "proj_dist_m": 0.0, "host_edge_id": 285, "host_edge_len": 19.59, "host_comp_size": 282.0 }, "geometry": { "type": "Point", "coordinates": [ 1.492897389803161, 42.470086506221641 ] } },
{ "type": "Feature", "properties": { "nom": "Plaça del Moli", "tipus_desti": "espai_lliure", "escenari": "children_0_12", "model_id": "baseline", "model_label": "Base sense pendent", "proj_dist_m": 0.0, "host_edge_id": 288, "host_edge_len": 7.72, "host_comp_size": 282.0 }, "geometry": { "type": "Point", "coordinates": [ 1.49276571746631, 42.469082430725265 ] } },
{ "type": "Feature", "properties": { "nom": "Parc Infantil del Prat Gran", "tipus_desti": "espai_lliure", "escenari": "children_0_12", "model_id": "baseline", "model_label": "Base sense pendent", "proj_dist_m": 0.0, "host_edge_id": 289, "host_edge_len": 1.58, "host_comp_size": 282.0 }, "geometry": { "type": "Point", "coordinates": [ 1.49272730923829, 42.46814730676433 ] } },
{ "type": "Feature", "properties": { "nom": "Plaça de Lauredia", "tipus_desti": "espai_lliure", "escenari": "children_0_12", "model_id": "baseline", "model_label": "Base sense pendent", "proj_dist_m": 0.0, "host_edge_id": 293, "host_edge_len": 7.91, "host_comp_size": 282.0 }, "geometry": { "type": "Point", "coordinates": [ 1.492339191741116, 42.466731760951589 ] } },
{ "type": "Feature", "properties": { "nom": "Plaça de Lauredia", "tipus_desti": "espai_lliure", "escenari": "children_0_12", "model_id": "baseline", "model_label": "Base sense pendent", "proj_dist_m": 0.0, "host_edge_id": 292, "host_edge_len": 3.89, "host_comp_size": 282.0 }, "geometry": { "type": "Point", "coordinates": [ 1.492474472859908, 42.466878414754639 ] } },
{ "type": "Feature", "properties": { "nom": "Plaça de Calonge Sant Antoni", "tipus_desti": "espai_lliure", "escenari": "children_0_12", "model_id": "baseline", "model_label": "Base sense pendent", "proj_dist_m": 0.0, "host_edge_id": 298, "host_edge_len": 5.64, "host_comp_size": 282.0 }, "geometry": { "type": "Point", "coordinates": [ 1.491836708456538, 42.465678413851379 ] } },
{ "type": "Feature", "properties": { "nom": "Plaça de Calonge Sant Antoni", "tipus_desti": "espai_lliure", "escenari": "children_0_12", "model_id": "baseline", "model_label": "Base sense pendent", "proj_dist_m": 0.28, "host_edge_id": 297, "host_edge_len": 0.51, "host_comp_size": 282.0 }, "geometry": { "type": "Point", "coordinates": [ 1.492116204555384, 42.465674808866453 ] } },
{ "type": "Feature", "properties": { "nom": "Plaça de la Germandat", "tipus_desti": "espai_lliure", "escenari": "children_0_12", "model_id": "baseline", "model_label": "Base sense pendent", "proj_dist_m": 0.0, "host_edge_id": 294, "host_edge_len": 2.8, "host_comp_size": 282.0 }, "geometry": { "type": "Point", "coordinates": [ 1.491046597353278, 42.465221975502416 ] } },
{ "type": "Feature", "properties": { "nom": "Plaça de la Germandat", "tipus_desti": "espai_lliure", "escenari": "children_0_12", "model_id": "baseline", "model_label": "Base sense pendent", "proj_dist_m": 0.3, "host_edge_id": 176, "host_edge_len": 27.98, "host_comp_size": 282.0 }, "geometry": { "type": "Point", "coordinates": [ 1.490909618090986, 42.464944763643693 ] } },
{ "type": "Feature", "properties": { "nom": "Plaça Major", "tipus_desti": "espai_lliure", "escenari": "children_0_12", "model_id": "baseline", "model_label": "Base sense pendent", "proj_dist_m": 0.0, "host_edge_id": 325, "host_edge_len": 2.74, "host_comp_size": 282.0 }, "geometry": { "type": "Point", "coordinates": [ 1.491077175428414, 42.462887782083293 ] } },
{ "type": "Feature", "properties": { "nom": "Plaça Major", "tipus_desti": "espai_lliure", "escenari": "children_0_12", "model_id": "baseline", "model_label": "Base sense pendent", "proj_dist_m": 0.0, "host_edge_id": 302, "host_edge_len": 7.08, "host_comp_size": 282.0 }, "geometry": { "type": "Point", "coordinates": [ 1.490999707539614, 42.463093118017333 ] } },
{ "type": "Feature", "properties": { "nom": "Plaça Francesc Cairat", "tipus_desti": "espai_lliure", "escenari": "children_0_12", "model_id": "baseline", "model_label": "Base sense pendent", "proj_dist_m": 0.0, "host_edge_id": 303, "host_edge_len": 3.75, "host_comp_size": 282.0 }, "geometry": { "type": "Point", "coordinates": [ 1.490709177510769, 42.462099554760151 ] } },
{ "type": "Feature", "properties": { "nom": "Plaça del Sola", "tipus_desti": "espai_lliure", "escenari": "children_0_12", "model_id": "baseline", "model_label": "Base sense pendent", "proj_dist_m": 0.48, "host_edge_id": 41, "host_edge_len": 52.82, "host_comp_size": 282.0 }, "geometry": { "type": "Point", "coordinates": [ 1.489877774045403, 42.461486956923736 ] } },
{ "type": "Feature", "properties": { "nom": "Plaça del Tossal", "tipus_desti": "espai_lliure", "escenari": "children_0_12", "model_id": "baseline", "model_label": "Base sense pendent", "proj_dist_m": 0.0, "host_edge_id": 309, "host_edge_len": 8.27, "host_comp_size": 282.0 }, "geometry": { "type": "Point", "coordinates": [ 1.491625000269186, 42.460554674293924 ] } },
{ "type": "Feature", "properties": { "nom": "Parc Infantil de Terra Bogada", "tipus_desti": "espai_lliure", "escenari": "children_0_12", "model_id": "baseline", "model_label": "Base sense pendent", "proj_dist_m": 0.0, "host_edge_id": 299, "host_edge_len": 18.47, "host_comp_size": 282.0 }, "geometry": { "type": "Point", "coordinates": [ 1.497026606312613, 42.467335656586918 ] } },
{ "type": "Feature", "properties": { "nom": "Plaça d'Aixirivall", "tipus_desti": "espai_lliure", "escenari": "children_0_12", "model_id": "baseline", "model_label": "Base sense pendent", "proj_dist_m": 0.0, "host_edge_id": 311, "host_edge_len": 10.57, "host_comp_size": 282.0 }, "geometry": { "type": "Point", "coordinates": [ 1.501992243368786, 42.462684316366762 ] } },
{ "type": "Feature", "properties": { "nom": "Parc Infantil d'Aixirivall", "tipus_desti": "espai_lliure", "escenari": "children_0_12", "model_id": "baseline", "model_label": "Base sense pendent", "proj_dist_m": 0.0, "host_edge_id": 310, "host_edge_len": 6.56, "host_comp_size": 282.0 }, "geometry": { "type": "Point", "coordinates": [ 1.501847849853668, 42.462577636833835 ] } },
{ "type": "Feature", "properties": { "nom": "Oficina de tursime", "tipus_desti": "equipament", "escenari": "everyone", "model_id": "slope_adjusted", "model_label": "Sensibilitat al pendent", "proj_dist_m": 2.67, "host_edge_id": 95, "host_edge_len": 15.48, "host_comp_size": 282.0 }, "geometry": { "type": "Point", "coordinates": [ 1.492592689272066, 42.466582233830486 ] } },
{ "type": "Feature", "properties": { "nom": "Escola Andorra de Loria", "tipus_desti": "equipament", "escenari": "everyone", "model_id": "slope_adjusted", "model_label": "Sensibilitat al pendent", "proj_dist_m": 2.38, "host_edge_id": 268, "host_edge_len": 1.12, "host_comp_size": 282.0 }, "geometry": { "type": "Point", "coordinates": [ 1.493898247438061, 42.464941525701896 ] } },
{ "type": "Feature", "properties": { "nom": "Escola Francesa", "tipus_desti": "equipament", "escenari": "everyone", "model_id": "slope_adjusted", "model_label": "Sensibilitat al pendent", "proj_dist_m": 1.76, "host_edge_id": 253, "host_edge_len": 17.66, "host_comp_size": 282.0 }, "geometry": { "type": "Point", "coordinates": [ 1.49222108372848, 42.464996085596447 ] } },
{ "type": "Feature", "properties": { "nom": "Universitat d'Andorra", "tipus_desti": "equipament", "escenari": "everyone", "model_id": "slope_adjusted", "model_label": "Sensibilitat al pendent", "proj_dist_m": 1.24, "host_edge_id": 99, "host_edge_len": 8.53, "host_comp_size": 282.0 }, "geometry": { "type": "Point", "coordinates": [ 1.490699024056204, 42.465414315430337 ] } },
{ "type": "Feature", "properties": { "nom": "Biblioteca de Sant Julia de Loria", "tipus_desti": "equipament", "escenari": "everyone", "model_id": "slope_adjusted", "model_label": "Sensibilitat al pendent", "proj_dist_m": 1.62, "host_edge_id": 100, "host_edge_len": 3.38, "host_comp_size": 282.0 }, "geometry": { "type": "Point", "coordinates": [ 1.490505264155856, 42.465176495577204 ] } },
{ "type": "Feature", "properties": { "nom": "Auditori Rocafort", "tipus_desti": "equipament", "escenari": "everyone", "model_id": "slope_adjusted", "model_label": "Sensibilitat al pendent", "proj_dist_m": 1.62, "host_edge_id": 100, "host_edge_len": 3.38, "host_comp_size": 282.0 }, "geometry": { "type": "Point", "coordinates": [ 1.490505264155856, 42.465176495577204 ] } },
{ "type": "Feature", "properties": { "nom": "Centre Cultural i de Congressos Lauredia", "tipus_desti": "equipament", "escenari": "everyone", "model_id": "slope_adjusted", "model_label": "Sensibilitat al pendent", "proj_dist_m": 1.62, "host_edge_id": 100, "host_edge_len": 3.38, "host_comp_size": 282.0 }, "geometry": { "type": "Point", "coordinates": [ 1.490505264155856, 42.465176495577204 ] } },
{ "type": "Feature", "properties": { "nom": "Oficines del Servei de Circulació", "tipus_desti": "equipament", "escenari": "everyone", "model_id": "slope_adjusted", "model_label": "Sensibilitat al pendent", "proj_dist_m": 1.62, "host_edge_id": 100, "host_edge_len": 3.38, "host_comp_size": 282.0 }, "geometry": { "type": "Point", "coordinates": [ 1.490505264155856, 42.465176495577204 ] } },
{ "type": "Feature", "properties": { "nom": "Comu vell de Loria", "tipus_desti": "equipament", "escenari": "everyone", "model_id": "slope_adjusted", "model_label": "Sensibilitat al pendent", "proj_dist_m": 2.38, "host_edge_id": 272, "host_edge_len": 1.22, "host_comp_size": 282.0 }, "geometry": { "type": "Point", "coordinates": [ 1.491178119661565, 42.46472752870875 ] } },
{ "type": "Feature", "properties": { "nom": "Escola Andorra de Loria", "tipus_desti": "equipament", "escenari": "everyone", "model_id": "slope_adjusted", "model_label": "Sensibilitat al pendent", "proj_dist_m": 0.48, "host_edge_id": 251, "host_edge_len": 3.13, "host_comp_size": 282.0 }, "geometry": { "type": "Point", "coordinates": [ 1.492805498256045, 42.46451889992656 ] } },
{ "type": "Feature", "properties": { "nom": "Sant Julia i Sant Germa de Loria", "tipus_desti": "equipament", "escenari": "everyone", "model_id": "slope_adjusted", "model_label": "Sensibilitat al pendent", "proj_dist_m": 2.38, "host_edge_id": 274, "host_edge_len": 1.18, "host_comp_size": 282.0 }, "geometry": { "type": "Point", "coordinates": [ 1.49087726312048, 42.463772258544545 ] } },
{ "type": "Feature", "properties": { "nom": "Centre Major - Centre de dia", "tipus_desti": "equipament", "escenari": "everyone", "model_id": "slope_adjusted", "model_label": "Sensibilitat al pendent", "proj_dist_m": 2.33, "host_edge_id": 302, "host_edge_len": 7.08, "host_comp_size": 282.0 }, "geometry": { "type": "Point", "coordinates": [ 1.490927982853191, 42.463057591470601 ] } },
{ "type": "Feature", "properties": { "nom": "Centre d'Atencio Primaria", "tipus_desti": "equipament", "escenari": "everyone", "model_id": "slope_adjusted", "model_label": "Sensibilitat al pendent", "proj_dist_m": 2.33, "host_edge_id": 302, "host_edge_len": 7.08, "host_comp_size": 282.0 }, "geometry": { "type": "Point", "coordinates": [ 1.490927982853191, 42.463057591470601 ] } },
{ "type": "Feature", "properties": { "nom": "Cementiri vell de Sant Julia de Loria", "tipus_desti": "equipament", "escenari": "everyone", "model_id": "slope_adjusted", "model_label": "Sensibilitat al pendent", "proj_dist_m": 2.89, "host_edge_id": 108, "host_edge_len": 9.49, "host_comp_size": 282.0 }, "geometry": { "type": "Point", "coordinates": [ 1.48963429007093, 42.460459902049777 ] } },
{ "type": "Feature", "properties": { "nom": "AR+I", "tipus_desti": "equipament", "escenari": "everyone", "model_id": "slope_adjusted", "model_label": "Sensibilitat al pendent", "proj_dist_m": 2.21, "host_edge_id": 8, "host_edge_len": 63.48, "host_comp_size": 282.0 }, "geometry": { "type": "Point", "coordinates": [ 1.492537822356041, 42.468898085030119 ] } },
{ "type": "Feature", "properties": { "nom": "Ministeri d'educacio", "tipus_desti": "equipament", "escenari": "everyone", "model_id": "slope_adjusted", "model_label": "Sensibilitat al pendent", "proj_dist_m": 2.21, "host_edge_id": 8, "host_edge_len": 63.48, "host_comp_size": 282.0 }, "geometry": { "type": "Point", "coordinates": [ 1.492537822356041, 42.468898085030119 ] } },
{ "type": "Feature", "properties": { "nom": "Comu de Sant Julia de Loria", "tipus_desti": "equipament", "escenari": "everyone", "model_id": "slope_adjusted", "model_label": "Sensibilitat al pendent", "proj_dist_m": 2.21, "host_edge_id": 8, "host_edge_len": 63.48, "host_comp_size": 282.0 }, "geometry": { "type": "Point", "coordinates": [ 1.492537822356041, 42.468898085030119 ] } },
{ "type": "Feature", "properties": { "nom": "Sant Bartomeu", "tipus_desti": "equipament", "escenari": "everyone", "model_id": "slope_adjusted", "model_label": "Sensibilitat al pendent", "proj_dist_m": 1.91, "host_edge_id": 195, "host_edge_len": 83.75, "host_comp_size": 282.0 }, "geometry": { "type": "Point", "coordinates": [ 1.492791835519281, 42.466733371255749 ] } },
{ "type": "Feature", "properties": { "nom": "Universitat Carlemany", "tipus_desti": "equipament", "escenari": "everyone", "model_id": "slope_adjusted", "model_label": "Sensibilitat al pendent", "proj_dist_m": 1.04, "host_edge_id": 96, "host_edge_len": 4.72, "host_comp_size": 282.0 }, "geometry": { "type": "Point", "coordinates": [ 1.491806540065834, 42.465980819077593 ] } },
{ "type": "Feature", "properties": { "nom": "Espai Laurèdia Jove", "tipus_desti": "equipament", "escenari": "everyone", "model_id": "slope_adjusted", "model_label": "Sensibilitat al pendent", "proj_dist_m": 2.89, "host_edge_id": 101, "host_edge_len": 4.46, "host_comp_size": 282.0 }, "geometry": { "type": "Point", "coordinates": [ 1.490665611359403, 42.464933179918297 ] } },
{ "type": "Feature", "properties": { "nom": "Local de Corrreu i La Poste", "tipus_desti": "equipament", "escenari": "everyone", "model_id": "slope_adjusted", "model_label": "Sensibilitat al pendent", "proj_dist_m": 2.35, "host_edge_id": 106, "host_edge_len": 2.68, "host_comp_size": 282.0 }, "geometry": { "type": "Point", "coordinates": [ 1.490977996242735, 42.463343641991479 ] } },
{ "type": "Feature", "properties": { "nom": "Espai saludable per a la gent gran", "tipus_desti": "equipament", "escenari": "everyone", "model_id": "slope_adjusted", "model_label": "Sensibilitat al pendent", "proj_dist_m": 1.67, "host_edge_id": 120, "host_edge_len": 8.43, "host_comp_size": 282.0 }, "geometry": { "type": "Point", "coordinates": [ 1.492283973756737, 42.47374634701233 ] } },
{ "type": "Feature", "properties": { "nom": "Universitat Europea", "tipus_desti": "equipament", "escenari": "everyone", "model_id": "slope_adjusted", "model_label": "Sensibilitat al pendent", "proj_dist_m": 1.02, "host_edge_id": 103, "host_edge_len": 12.51, "host_comp_size": 282.0 }, "geometry": { "type": "Point", "coordinates": [ 1.489976466006734, 42.464372003044602 ] } },
{ "type": "Feature", "properties": { "nom": "Escola Bressol Laurèdia Xics", "tipus_desti": "equipament", "escenari": "everyone", "model_id": "slope_adjusted", "model_label": "Sensibilitat al pendent", "proj_dist_m": 2.38, "host_edge_id": 263, "host_edge_len": 18.9, "host_comp_size": 282.0 }, "geometry": { "type": "Point", "coordinates": [ 1.491358954420286, 42.462853260163932 ] } },
{ "type": "Feature", "properties": { "nom": "Sala de vetlles", "tipus_desti": "equipament", "escenari": "everyone", "model_id": "slope_adjusted", "model_label": "Sensibilitat al pendent", "proj_dist_m": 2.99, "host_edge_id": 105, "host_edge_len": 5.33, "host_comp_size": 282.0 }, "geometry": { "type": "Point", "coordinates": [ 1.491329096469825, 42.463418242712841 ] } },
{ "type": "Feature", "properties": { "nom": "Centre Esportiu de Sant Julia de Loria", "tipus_desti": "equipament", "escenari": "everyone", "model_id": "slope_adjusted", "model_label": "Sensibilitat al pendent", "proj_dist_m": 2.46, "host_edge_id": 98, "host_edge_len": 4.2, "host_comp_size": 282.0 }, "geometry": { "type": "Point", "coordinates": [ 1.492173065456378, 42.465633412026762 ] } },
{ "type": "Feature", "properties": { "nom": "Pont de Fontaneda · Andorra la Vella", "tipus_desti": "bus_interparroquial", "escenari": "everyone", "model_id": "slope_adjusted", "model_label": "Sensibilitat al pendent", "proj_dist_m": 2.38, "host_edge_id": 314, "host_edge_len": 12.62, "host_comp_size": 282.0 }, "geometry": { "type": "Point", "coordinates": [ 1.490536887525985, 42.461945572981229 ] } },
{ "type": "Feature", "properties": { "nom": "Pont de Fontaneda · Espanya", "tipus_desti": "bus_interparroquial", "escenari": "everyone", "model_id": "slope_adjusted", "model_label": "Sensibilitat al pendent", "proj_dist_m": 2.07, "host_edge_id": 320, "host_edge_len": 9.18, "host_comp_size": 282.0 }, "geometry": { "type": "Point", "coordinates": [ 1.489443516134238, 42.461662675805222 ] } },
{ "type": "Feature", "properties": { "nom": "La Valireta · Espanya", "tipus_desti": "bus_interparroquial", "escenari": "everyone", "model_id": "slope_adjusted", "model_label": "Sensibilitat al pendent", "proj_dist_m": 2.23, "host_edge_id": 312, "host_edge_len": 7.79, "host_comp_size": 282.0 }, "geometry": { "type": "Point", "coordinates": [ 1.489317524495576, 42.46404994009513 ] } },
{ "type": "Feature", "properties": { "nom": "La Valireta · Andorra la Vella", "tipus_desti": "bus_interparroquial", "escenari": "everyone", "model_id": "slope_adjusted", "model_label": "Sensibilitat al pendent", "proj_dist_m": 2.38, "host_edge_id": 313, "host_edge_len": 6.37, "host_comp_size": 282.0 }, "geometry": { "type": "Point", "coordinates": [ 1.489993684399419, 42.464023997012951 ] } },
{ "type": "Feature", "properties": { "nom": "Riu d'Auvinyà · Espanya", "tipus_desti": "bus_interparroquial", "escenari": "everyone", "model_id": "slope_adjusted", "model_label": "Sensibilitat al pendent", "proj_dist_m": 0.92, "host_edge_id": 322, "host_edge_len": 7.93, "host_comp_size": 282.0 }, "geometry": { "type": "Point", "coordinates": [ 1.487408147872027, 42.457972085726986 ] } },
{ "type": "Feature", "properties": { "nom": "Riu d'Auvinyà · Andorra la Vella", "tipus_desti": "bus_interparroquial", "escenari": "everyone", "model_id": "slope_adjusted", "model_label": "Sensibilitat al pendent", "proj_dist_m": 2.39, "host_edge_id": 323, "host_edge_len": 8.34, "host_comp_size": 282.0 }, "geometry": { "type": "Point", "coordinates": [ 1.487627188346534, 42.457940727460283 ] } },
{ "type": "Feature", "properties": { "nom": "Prat Gran · Espanya", "tipus_desti": "bus_interparroquial", "escenari": "everyone", "model_id": "slope_adjusted", "model_label": "Sensibilitat al pendent", "proj_dist_m": 1.35, "host_edge_id": 319, "host_edge_len": 6.1, "host_comp_size": 282.0 }, "geometry": { "type": "Point", "coordinates": [ 1.492099075629561, 42.467332080352598 ] } },
{ "type": "Feature", "properties": { "nom": "Prat Gran · Andorra la Vella", "tipus_desti": "bus_interparroquial", "escenari": "everyone", "model_id": "slope_adjusted", "model_label": "Sensibilitat al pendent", "proj_dist_m": 2.38, "host_edge_id": 318, "host_edge_len": 9.26, "host_comp_size": 282.0 }, "geometry": { "type": "Point", "coordinates": [ 1.492759361887212, 42.468602284179738 ] } },
{ "type": "Feature", "properties": { "nom": "La Planella", "tipus_desti": "bus_interparroquial", "escenari": "everyone", "model_id": "slope_adjusted", "model_label": "Sensibilitat al pendent", "proj_dist_m": 1.48, "host_edge_id": 321, "host_edge_len": 8.33, "host_comp_size": 282.0 }, "geometry": { "type": "Point", "coordinates": [ 1.489190741144889, 42.460153415653053 ] } },
{ "type": "Feature", "properties": { "nom": "La Riberola", "tipus_desti": "bus_interparroquial", "escenari": "everyone", "model_id": "slope_adjusted", "model_label": "Sensibilitat al pendent", "proj_dist_m": 2.3, "host_edge_id": 324, "host_edge_len": 8.93, "host_comp_size": 282.0 }, "geometry": { "type": "Point", "coordinates": [ 1.486649326274593, 42.454860139099978 ] } },
{ "type": "Feature", "properties": { "nom": "Rotonda d'Aixovall", "tipus_desti": "bus_interparroquial", "escenari": "everyone", "model_id": "slope_adjusted", "model_label": "Sensibilitat al pendent", "proj_dist_m": 0.6, "host_edge_id": 315, "host_edge_len": 9.27, "host_comp_size": 282.0 }, "geometry": { "type": "Point", "coordinates": [ 1.490098107666714, 42.476573385756062 ] } },
{ "type": "Feature", "properties": { "nom": "Les Arades", "tipus_desti": "bus_interparroquial", "escenari": "everyone", "model_id": "slope_adjusted", "model_label": "Sensibilitat al pendent", "proj_dist_m": 2.38, "host_edge_id": 316, "host_edge_len": 14.54, "host_comp_size": 282.0 }, "geometry": { "type": "Point", "coordinates": [ 1.493458917954566, 42.471441040388633 ] } },
{ "type": "Feature", "properties": { "nom": "Av. de Rocafort", "tipus_desti": "bus_interparroquial", "escenari": "everyone", "model_id": "slope_adjusted", "model_label": "Sensibilitat al pendent", "proj_dist_m": 2.18, "host_edge_id": 317, "host_edge_len": 8.24, "host_comp_size": 282.0 }, "geometry": { "type": "Point", "coordinates": [ 1.493109603671952, 42.471207091997293 ] } },
{ "type": "Feature", "properties": { "nom": "Parc Prat del Senzill", "tipus_desti": "espai_lliure", "escenari": "everyone", "model_id": "slope_adjusted", "model_label": "Sensibilitat al pendent", "proj_dist_m": 0.0, "host_edge_id": 308, "host_edge_len": 56.16, "host_comp_size": 282.0 }, "geometry": { "type": "Point", "coordinates": [ 1.488696356696791, 42.460556563619065 ] } },
{ "type": "Feature", "properties": { "nom": "Plaça del Sola", "tipus_desti": "espai_lliure", "escenari": "everyone", "model_id": "slope_adjusted", "model_label": "Sensibilitat al pendent", "proj_dist_m": 0.0, "host_edge_id": 307, "host_edge_len": 2.26, "host_comp_size": 282.0 }, "geometry": { "type": "Point", "coordinates": [ 1.490188299985498, 42.461580807809241 ] } },
{ "type": "Feature", "properties": { "nom": "Plaça Francesc Cairat", "tipus_desti": "espai_lliure", "escenari": "everyone", "model_id": "slope_adjusted", "model_label": "Sensibilitat al pendent", "proj_dist_m": 0.0, "host_edge_id": 306, "host_edge_len": 13.48, "host_comp_size": 282.0 }, "geometry": { "type": "Point", "coordinates": [ 1.490524163141318, 42.462140880764842 ] } },
{ "type": "Feature", "properties": { "nom": "Plaça Major", "tipus_desti": "espai_lliure", "escenari": "everyone", "model_id": "slope_adjusted", "model_label": "Sensibilitat al pendent", "proj_dist_m": 0.0, "host_edge_id": 326, "host_edge_len": 6.17, "host_comp_size": 282.0 }, "geometry": { "type": "Point", "coordinates": [ 1.491014053301921, 42.463228573602223 ] } },
{ "type": "Feature", "properties": { "nom": "Plaça del Mallador", "tipus_desti": "espai_lliure", "escenari": "everyone", "model_id": "slope_adjusted", "model_label": "Sensibilitat al pendent", "proj_dist_m": 0.0, "host_edge_id": 301, "host_edge_len": 8.38, "host_comp_size": 282.0 }, "geometry": { "type": "Point", "coordinates": [ 1.490403092919012, 42.463794850752549 ] } },
{ "type": "Feature", "properties": { "nom": "Plaça de Sant Roc", "tipus_desti": "espai_lliure", "escenari": "everyone", "model_id": "slope_adjusted", "model_label": "Sensibilitat al pendent", "proj_dist_m": 0.0, "host_edge_id": 300, "host_edge_len": 11.42, "host_comp_size": 282.0 }, "geometry": { "type": "Point", "coordinates": [ 1.49127624199545, 42.463990120811083 ] } },
{ "type": "Feature", "properties": { "nom": "Plaça de la Germandat", "tipus_desti": "espai_lliure", "escenari": "everyone", "model_id": "slope_adjusted", "model_label": "Sensibilitat al pendent", "proj_dist_m": 0.0, "host_edge_id": 295, "host_edge_len": 1.54, "host_comp_size": 282.0 }, "geometry": { "type": "Point", "coordinates": [ 1.490691508653851, 42.465328145253821 ] } },
{ "type": "Feature", "properties": { "nom": "Parc Infantil Camp de Perot", "tipus_desti": "espai_lliure", "escenari": "everyone", "model_id": "slope_adjusted", "model_label": "Sensibilitat al pendent", "proj_dist_m": 4.21, "host_edge_id": 107, "host_edge_len": 48.27, "host_comp_size": 282.0 }, "geometry": { "type": "Point", "coordinates": [ 1.492228313542697, 42.463116772259276 ] } },
{ "type": "Feature", "properties": { "nom": "Plaça de Calonge Sant Antoni", "tipus_desti": "espai_lliure", "escenari": "everyone", "model_id": "slope_adjusted", "model_label": "Sensibilitat al pendent", "proj_dist_m": 0.0, "host_edge_id": 296, "host_edge_len": 7.13, "host_comp_size": 282.0 }, "geometry": { "type": "Point", "coordinates": [ 1.491863049608281, 42.465825034487821 ] } },
{ "type": "Feature", "properties": { "nom": "Plaça de Lauredia", "tipus_desti": "espai_lliure", "escenari": "everyone", "model_id": "slope_adjusted", "model_label": "Sensibilitat al pendent", "proj_dist_m": 0.0, "host_edge_id": 291, "host_edge_len": 9.02, "host_comp_size": 282.0 }, "geometry": { "type": "Point", "coordinates": [ 1.492155608298784, 42.46712465538117 ] } },
{ "type": "Feature", "properties": { "nom": "Parc Infantil del Prat Gran", "tipus_desti": "espai_lliure", "escenari": "everyone", "model_id": "slope_adjusted", "model_label": "Sensibilitat al pendent", "proj_dist_m": 0.0, "host_edge_id": 290, "host_edge_len": 2.52, "host_comp_size": 282.0 }, "geometry": { "type": "Point", "coordinates": [ 1.492945187220464, 42.46779740319375 ] } },
{ "type": "Feature", "properties": { "nom": "Plaça Rocacorba", "tipus_desti": "espai_lliure", "escenari": "everyone", "model_id": "slope_adjusted", "model_label": "Sensibilitat al pendent", "proj_dist_m": 0.0, "host_edge_id": 286, "host_edge_len": 6.25, "host_comp_size": 282.0 }, "geometry": { "type": "Point", "coordinates": [ 1.493161774581143, 42.470427915761718 ] } },
{ "type": "Feature", "properties": { "nom": "Plaça del Moli", "tipus_desti": "espai_lliure", "escenari": "everyone", "model_id": "slope_adjusted", "model_label": "Sensibilitat al pendent", "proj_dist_m": 0.0, "host_edge_id": 287, "host_edge_len": 6.57, "host_comp_size": 282.0 }, "geometry": { "type": "Point", "coordinates": [ 1.492916061918417, 42.469859590709945 ] } },
{ "type": "Feature", "properties": { "nom": "Plaça Rocacorba", "tipus_desti": "espai_lliure", "escenari": "everyone", "model_id": "slope_adjusted", "model_label": "Sensibilitat al pendent", "proj_dist_m": 0.0, "host_edge_id": 285, "host_edge_len": 19.59, "host_comp_size": 282.0 }, "geometry": { "type": "Point", "coordinates": [ 1.492897389803161, 42.470086506221641 ] } },
{ "type": "Feature", "properties": { "nom": "Plaça del Moli", "tipus_desti": "espai_lliure", "escenari": "everyone", "model_id": "slope_adjusted", "model_label": "Sensibilitat al pendent", "proj_dist_m": 0.0, "host_edge_id": 288, "host_edge_len": 7.72, "host_comp_size": 282.0 }, "geometry": { "type": "Point", "coordinates": [ 1.49276571746631, 42.469082430725265 ] } },
{ "type": "Feature", "properties": { "nom": "Parc Infantil del Prat Gran", "tipus_desti": "espai_lliure", "escenari": "everyone", "model_id": "slope_adjusted", "model_label": "Sensibilitat al pendent", "proj_dist_m": 0.0, "host_edge_id": 289, "host_edge_len": 1.58, "host_comp_size": 282.0 }, "geometry": { "type": "Point", "coordinates": [ 1.49272730923829, 42.46814730676433 ] } },
{ "type": "Feature", "properties": { "nom": "Plaça de Lauredia", "tipus_desti": "espai_lliure", "escenari": "everyone", "model_id": "slope_adjusted", "model_label": "Sensibilitat al pendent", "proj_dist_m": 0.0, "host_edge_id": 293, "host_edge_len": 7.91, "host_comp_size": 282.0 }, "geometry": { "type": "Point", "coordinates": [ 1.492339191741116, 42.466731760951589 ] } },
{ "type": "Feature", "properties": { "nom": "Plaça de Lauredia", "tipus_desti": "espai_lliure", "escenari": "everyone", "model_id": "slope_adjusted", "model_label": "Sensibilitat al pendent", "proj_dist_m": 0.0, "host_edge_id": 292, "host_edge_len": 3.89, "host_comp_size": 282.0 }, "geometry": { "type": "Point", "coordinates": [ 1.492474472859908, 42.466878414754639 ] } },
{ "type": "Feature", "properties": { "nom": "Plaça de Calonge Sant Antoni", "tipus_desti": "espai_lliure", "escenari": "everyone", "model_id": "slope_adjusted", "model_label": "Sensibilitat al pendent", "proj_dist_m": 0.0, "host_edge_id": 298, "host_edge_len": 5.64, "host_comp_size": 282.0 }, "geometry": { "type": "Point", "coordinates": [ 1.491836708456538, 42.465678413851379 ] } },
{ "type": "Feature", "properties": { "nom": "Plaça de Calonge Sant Antoni", "tipus_desti": "espai_lliure", "escenari": "everyone", "model_id": "slope_adjusted", "model_label": "Sensibilitat al pendent", "proj_dist_m": 0.28, "host_edge_id": 297, "host_edge_len": 0.51, "host_comp_size": 282.0 }, "geometry": { "type": "Point", "coordinates": [ 1.492116204555384, 42.465674808866453 ] } },
{ "type": "Feature", "properties": { "nom": "Plaça de la Germandat", "tipus_desti": "espai_lliure", "escenari": "everyone", "model_id": "slope_adjusted", "model_label": "Sensibilitat al pendent", "proj_dist_m": 0.0, "host_edge_id": 294, "host_edge_len": 2.8, "host_comp_size": 282.0 }, "geometry": { "type": "Point", "coordinates": [ 1.491046597353278, 42.465221975502416 ] } },
{ "type": "Feature", "properties": { "nom": "Plaça de la Germandat", "tipus_desti": "espai_lliure", "escenari": "everyone", "model_id": "slope_adjusted", "model_label": "Sensibilitat al pendent", "proj_dist_m": 0.3, "host_edge_id": 176, "host_edge_len": 27.98, "host_comp_size": 282.0 }, "geometry": { "type": "Point", "coordinates": [ 1.490909618090986, 42.464944763643693 ] } },
{ "type": "Feature", "properties": { "nom": "Plaça Major", "tipus_desti": "espai_lliure", "escenari": "everyone", "model_id": "slope_adjusted", "model_label": "Sensibilitat al pendent", "proj_dist_m": 0.0, "host_edge_id": 325, "host_edge_len": 2.74, "host_comp_size": 282.0 }, "geometry": { "type": "Point", "coordinates": [ 1.491077175428414, 42.462887782083293 ] } },
{ "type": "Feature", "properties": { "nom": "Plaça Major", "tipus_desti": "espai_lliure", "escenari": "everyone", "model_id": "slope_adjusted", "model_label": "Sensibilitat al pendent", "proj_dist_m": 0.0, "host_edge_id": 302, "host_edge_len": 7.08, "host_comp_size": 282.0 }, "geometry": { "type": "Point", "coordinates": [ 1.490999707539614, 42.463093118017333 ] } },
{ "type": "Feature", "properties": { "nom": "Plaça Francesc Cairat", "tipus_desti": "espai_lliure", "escenari": "everyone", "model_id": "slope_adjusted", "model_label": "Sensibilitat al pendent", "proj_dist_m": 0.0, "host_edge_id": 303, "host_edge_len": 3.75, "host_comp_size": 282.0 }, "geometry": { "type": "Point", "coordinates": [ 1.490709177510769, 42.462099554760151 ] } },
{ "type": "Feature", "properties": { "nom": "Plaça del Sola", "tipus_desti": "espai_lliure", "escenari": "everyone", "model_id": "slope_adjusted", "model_label": "Sensibilitat al pendent", "proj_dist_m": 0.48, "host_edge_id": 41, "host_edge_len": 52.82, "host_comp_size": 282.0 }, "geometry": { "type": "Point", "coordinates": [ 1.489877774045403, 42.461486956923736 ] } },
{ "type": "Feature", "properties": { "nom": "Plaça del Tossal", "tipus_desti": "espai_lliure", "escenari": "everyone", "model_id": "slope_adjusted", "model_label": "Sensibilitat al pendent", "proj_dist_m": 0.0, "host_edge_id": 309, "host_edge_len": 8.27, "host_comp_size": 282.0 }, "geometry": { "type": "Point", "coordinates": [ 1.491625000269186, 42.460554674293924 ] } },
{ "type": "Feature", "properties": { "nom": "Parc Infantil de Terra Bogada", "tipus_desti": "espai_lliure", "escenari": "everyone", "model_id": "slope_adjusted", "model_label": "Sensibilitat al pendent", "proj_dist_m": 0.0, "host_edge_id": 299, "host_edge_len": 18.47, "host_comp_size": 282.0 }, "geometry": { "type": "Point", "coordinates": [ 1.497026606312613, 42.467335656586918 ] } },
{ "type": "Feature", "properties": { "nom": "Plaça d'Aixirivall", "tipus_desti": "espai_lliure", "escenari": "everyone", "model_id": "slope_adjusted", "model_label": "Sensibilitat al pendent", "proj_dist_m": 0.0, "host_edge_id": 311, "host_edge_len": 10.57, "host_comp_size": 282.0 }, "geometry": { "type": "Point", "coordinates": [ 1.501992243368786, 42.462684316366762 ] } },
{ "type": "Feature", "properties": { "nom": "Parc Infantil d'Aixirivall", "tipus_desti": "espai_lliure", "escenari": "everyone", "model_id": "slope_adjusted", "model_label": "Sensibilitat al pendent", "proj_dist_m": 0.0, "host_edge_id": 310, "host_edge_len": 6.56, "host_comp_size": 282.0 }, "geometry": { "type": "Point", "coordinates": [ 1.501847849853668, 42.462577636833835 ] } },
{ "type": "Feature", "properties": { "nom": "Oficina de tursime", "tipus_desti": "equipament", "escenari": "older_adults", "model_id": "slope_adjusted", "model_label": "Sensibilitat al pendent", "proj_dist_m": 2.67, "host_edge_id": 82, "host_edge_len": 15.48, "host_comp_size": 273.0 }, "geometry": { "type": "Point", "coordinates": [ 1.492592689272066, 42.466582233830486 ] } },
{ "type": "Feature", "properties": { "nom": "Escola Andorra de Loria", "tipus_desti": "equipament", "escenari": "older_adults", "model_id": "slope_adjusted", "model_label": "Sensibilitat al pendent", "proj_dist_m": 2.38, "host_edge_id": 253, "host_edge_len": 1.12, "host_comp_size": 273.0 }, "geometry": { "type": "Point", "coordinates": [ 1.493898247438061, 42.464941525701896 ] } },
{ "type": "Feature", "properties": { "nom": "Escola Francesa", "tipus_desti": "equipament", "escenari": "older_adults", "model_id": "slope_adjusted", "model_label": "Sensibilitat al pendent", "proj_dist_m": 1.76, "host_edge_id": 239, "host_edge_len": 17.66, "host_comp_size": 273.0 }, "geometry": { "type": "Point", "coordinates": [ 1.49222108372848, 42.464996085596447 ] } },
{ "type": "Feature", "properties": { "nom": "Universitat d'Andorra", "tipus_desti": "equipament", "escenari": "older_adults", "model_id": "slope_adjusted", "model_label": "Sensibilitat al pendent", "proj_dist_m": 1.24, "host_edge_id": 86, "host_edge_len": 8.53, "host_comp_size": 273.0 }, "geometry": { "type": "Point", "coordinates": [ 1.490699024056204, 42.465414315430337 ] } },
{ "type": "Feature", "properties": { "nom": "Biblioteca de Sant Julia de Loria", "tipus_desti": "equipament", "escenari": "older_adults", "model_id": "slope_adjusted", "model_label": "Sensibilitat al pendent", "proj_dist_m": 1.62, "host_edge_id": 87, "host_edge_len": 3.38, "host_comp_size": 273.0 }, "geometry": { "type": "Point", "coordinates": [ 1.490505264155856, 42.465176495577204 ] } },
{ "type": "Feature", "properties": { "nom": "Auditori Rocafort", "tipus_desti": "equipament", "escenari": "older_adults", "model_id": "slope_adjusted", "model_label": "Sensibilitat al pendent", "proj_dist_m": 1.62, "host_edge_id": 87, "host_edge_len": 3.38, "host_comp_size": 273.0 }, "geometry": { "type": "Point", "coordinates": [ 1.490505264155856, 42.465176495577204 ] } },
{ "type": "Feature", "properties": { "nom": "Centre Cultural i de Congressos Lauredia", "tipus_desti": "equipament", "escenari": "older_adults", "model_id": "slope_adjusted", "model_label": "Sensibilitat al pendent", "proj_dist_m": 1.62, "host_edge_id": 87, "host_edge_len": 3.38, "host_comp_size": 273.0 }, "geometry": { "type": "Point", "coordinates": [ 1.490505264155856, 42.465176495577204 ] } },
{ "type": "Feature", "properties": { "nom": "Oficines del Servei de Circulació", "tipus_desti": "equipament", "escenari": "older_adults", "model_id": "slope_adjusted", "model_label": "Sensibilitat al pendent", "proj_dist_m": 1.62, "host_edge_id": 87, "host_edge_len": 3.38, "host_comp_size": 273.0 }, "geometry": { "type": "Point", "coordinates": [ 1.490505264155856, 42.465176495577204 ] } },
{ "type": "Feature", "properties": { "nom": "Comu vell de Loria", "tipus_desti": "equipament", "escenari": "older_adults", "model_id": "slope_adjusted", "model_label": "Sensibilitat al pendent", "proj_dist_m": 2.38, "host_edge_id": 257, "host_edge_len": 1.22, "host_comp_size": 273.0 }, "geometry": { "type": "Point", "coordinates": [ 1.491178119661565, 42.46472752870875 ] } },
{ "type": "Feature", "properties": { "nom": "Escola Andorra de Loria", "tipus_desti": "equipament", "escenari": "older_adults", "model_id": "slope_adjusted", "model_label": "Sensibilitat al pendent", "proj_dist_m": 0.48, "host_edge_id": 237, "host_edge_len": 3.13, "host_comp_size": 273.0 }, "geometry": { "type": "Point", "coordinates": [ 1.492805498256045, 42.46451889992656 ] } },
{ "type": "Feature", "properties": { "nom": "Sant Julia i Sant Germa de Loria", "tipus_desti": "equipament", "escenari": "older_adults", "model_id": "slope_adjusted", "model_label": "Sensibilitat al pendent", "proj_dist_m": 2.38, "host_edge_id": 259, "host_edge_len": 1.18, "host_comp_size": 273.0 }, "geometry": { "type": "Point", "coordinates": [ 1.49087726312048, 42.463772258544545 ] } },
{ "type": "Feature", "properties": { "nom": "Centre Major - Centre de dia", "tipus_desti": "equipament", "escenari": "older_adults", "model_id": "slope_adjusted", "model_label": "Sensibilitat al pendent", "proj_dist_m": 2.33, "host_edge_id": 284, "host_edge_len": 7.08, "host_comp_size": 273.0 }, "geometry": { "type": "Point", "coordinates": [ 1.490927982853191, 42.463057591470601 ] } },
{ "type": "Feature", "properties": { "nom": "Centre d'Atencio Primaria", "tipus_desti": "equipament", "escenari": "older_adults", "model_id": "slope_adjusted", "model_label": "Sensibilitat al pendent", "proj_dist_m": 2.33, "host_edge_id": 284, "host_edge_len": 7.08, "host_comp_size": 273.0 }, "geometry": { "type": "Point", "coordinates": [ 1.490927982853191, 42.463057591470601 ] } },
{ "type": "Feature", "properties": { "nom": "Cementiri vell de Sant Julia de Loria", "tipus_desti": "equipament", "escenari": "older_adults", "model_id": "slope_adjusted", "model_label": "Sensibilitat al pendent", "proj_dist_m": 2.89, "host_edge_id": 95, "host_edge_len": 9.49, "host_comp_size": 273.0 }, "geometry": { "type": "Point", "coordinates": [ 1.48963429007093, 42.460459902049777 ] } },
{ "type": "Feature", "properties": { "nom": "AR+I", "tipus_desti": "equipament", "escenari": "older_adults", "model_id": "slope_adjusted", "model_label": "Sensibilitat al pendent", "proj_dist_m": 2.21, "host_edge_id": 8, "host_edge_len": 63.48, "host_comp_size": 273.0 }, "geometry": { "type": "Point", "coordinates": [ 1.492537822356041, 42.468898085030119 ] } },
{ "type": "Feature", "properties": { "nom": "Ministeri d'educacio", "tipus_desti": "equipament", "escenari": "older_adults", "model_id": "slope_adjusted", "model_label": "Sensibilitat al pendent", "proj_dist_m": 2.21, "host_edge_id": 8, "host_edge_len": 63.48, "host_comp_size": 273.0 }, "geometry": { "type": "Point", "coordinates": [ 1.492537822356041, 42.468898085030119 ] } },
{ "type": "Feature", "properties": { "nom": "Comu de Sant Julia de Loria", "tipus_desti": "equipament", "escenari": "older_adults", "model_id": "slope_adjusted", "model_label": "Sensibilitat al pendent", "proj_dist_m": 2.21, "host_edge_id": 8, "host_edge_len": 63.48, "host_comp_size": 273.0 }, "geometry": { "type": "Point", "coordinates": [ 1.492537822356041, 42.468898085030119 ] } },
{ "type": "Feature", "properties": { "nom": "Sant Bartomeu", "tipus_desti": "equipament", "escenari": "older_adults", "model_id": "slope_adjusted", "model_label": "Sensibilitat al pendent", "proj_dist_m": 1.91, "host_edge_id": 181, "host_edge_len": 83.75, "host_comp_size": 273.0 }, "geometry": { "type": "Point", "coordinates": [ 1.492791835519281, 42.466733371255749 ] } },
{ "type": "Feature", "properties": { "nom": "Universitat Carlemany", "tipus_desti": "equipament", "escenari": "older_adults", "model_id": "slope_adjusted", "model_label": "Sensibilitat al pendent", "proj_dist_m": 1.04, "host_edge_id": 83, "host_edge_len": 4.72, "host_comp_size": 273.0 }, "geometry": { "type": "Point", "coordinates": [ 1.491806540065834, 42.465980819077593 ] } },
{ "type": "Feature", "properties": { "nom": "Espai Laurèdia Jove", "tipus_desti": "equipament", "escenari": "older_adults", "model_id": "slope_adjusted", "model_label": "Sensibilitat al pendent", "proj_dist_m": 2.89, "host_edge_id": 88, "host_edge_len": 4.46, "host_comp_size": 273.0 }, "geometry": { "type": "Point", "coordinates": [ 1.490665611359403, 42.464933179918297 ] } },
{ "type": "Feature", "properties": { "nom": "Local de Corrreu i La Poste", "tipus_desti": "equipament", "escenari": "older_adults", "model_id": "slope_adjusted", "model_label": "Sensibilitat al pendent", "proj_dist_m": 2.35, "host_edge_id": 93, "host_edge_len": 2.68, "host_comp_size": 273.0 }, "geometry": { "type": "Point", "coordinates": [ 1.490977996242735, 42.463343641991479 ] } },
{ "type": "Feature", "properties": { "nom": "Espai saludable per a la gent gran", "tipus_desti": "equipament", "escenari": "older_adults", "model_id": "slope_adjusted", "model_label": "Sensibilitat al pendent", "proj_dist_m": 1.67, "host_edge_id": 107, "host_edge_len": 8.43, "host_comp_size": 273.0 }, "geometry": { "type": "Point", "coordinates": [ 1.492283973756737, 42.47374634701233 ] } },
{ "type": "Feature", "properties": { "nom": "Universitat Europea", "tipus_desti": "equipament", "escenari": "older_adults", "model_id": "slope_adjusted", "model_label": "Sensibilitat al pendent", "proj_dist_m": 1.02, "host_edge_id": 90, "host_edge_len": 12.51, "host_comp_size": 273.0 }, "geometry": { "type": "Point", "coordinates": [ 1.489976466006734, 42.464372003044602 ] } },
{ "type": "Feature", "properties": { "nom": "Escola Bressol Laurèdia Xics", "tipus_desti": "equipament", "escenari": "older_adults", "model_id": "slope_adjusted", "model_label": "Sensibilitat al pendent", "proj_dist_m": 2.38, "host_edge_id": 249, "host_edge_len": 18.9, "host_comp_size": 273.0 }, "geometry": { "type": "Point", "coordinates": [ 1.491358954420286, 42.462853260163932 ] } },
{ "type": "Feature", "properties": { "nom": "Sala de vetlles", "tipus_desti": "equipament", "escenari": "older_adults", "model_id": "slope_adjusted", "model_label": "Sensibilitat al pendent", "proj_dist_m": 2.99, "host_edge_id": 92, "host_edge_len": 5.33, "host_comp_size": 273.0 }, "geometry": { "type": "Point", "coordinates": [ 1.491329096469825, 42.463418242712841 ] } },
{ "type": "Feature", "properties": { "nom": "Centre Esportiu de Sant Julia de Loria", "tipus_desti": "equipament", "escenari": "older_adults", "model_id": "slope_adjusted", "model_label": "Sensibilitat al pendent", "proj_dist_m": 2.46, "host_edge_id": 85, "host_edge_len": 4.2, "host_comp_size": 273.0 }, "geometry": { "type": "Point", "coordinates": [ 1.492173065456378, 42.465633412026762 ] } },
{ "type": "Feature", "properties": { "nom": "Pont de Fontaneda · Andorra la Vella", "tipus_desti": "bus_interparroquial", "escenari": "older_adults", "model_id": "slope_adjusted", "model_label": "Sensibilitat al pendent", "proj_dist_m": 2.38, "host_edge_id": 296, "host_edge_len": 12.62, "host_comp_size": 273.0 }, "geometry": { "type": "Point", "coordinates": [ 1.490536887525985, 42.461945572981229 ] } },
{ "type": "Feature", "properties": { "nom": "Pont de Fontaneda · Espanya", "tipus_desti": "bus_interparroquial", "escenari": "older_adults", "model_id": "slope_adjusted", "model_label": "Sensibilitat al pendent", "proj_dist_m": 2.07, "host_edge_id": 302, "host_edge_len": 9.18, "host_comp_size": 273.0 }, "geometry": { "type": "Point", "coordinates": [ 1.489443516134238, 42.461662675805222 ] } },
{ "type": "Feature", "properties": { "nom": "La Valireta · Espanya", "tipus_desti": "bus_interparroquial", "escenari": "older_adults", "model_id": "slope_adjusted", "model_label": "Sensibilitat al pendent", "proj_dist_m": 2.23, "host_edge_id": 294, "host_edge_len": 7.79, "host_comp_size": 273.0 }, "geometry": { "type": "Point", "coordinates": [ 1.489317524495576, 42.46404994009513 ] } },
{ "type": "Feature", "properties": { "nom": "La Valireta · Andorra la Vella", "tipus_desti": "bus_interparroquial", "escenari": "older_adults", "model_id": "slope_adjusted", "model_label": "Sensibilitat al pendent", "proj_dist_m": 2.38, "host_edge_id": 295, "host_edge_len": 6.37, "host_comp_size": 273.0 }, "geometry": { "type": "Point", "coordinates": [ 1.489993684399419, 42.464023997012951 ] } },
{ "type": "Feature", "properties": { "nom": "Riu d'Auvinyà · Espanya", "tipus_desti": "bus_interparroquial", "escenari": "older_adults", "model_id": "slope_adjusted", "model_label": "Sensibilitat al pendent", "proj_dist_m": 0.92, "host_edge_id": 304, "host_edge_len": 7.93, "host_comp_size": 273.0 }, "geometry": { "type": "Point", "coordinates": [ 1.487408147872027, 42.457972085726986 ] } },
{ "type": "Feature", "properties": { "nom": "Riu d'Auvinyà · Andorra la Vella", "tipus_desti": "bus_interparroquial", "escenari": "older_adults", "model_id": "slope_adjusted", "model_label": "Sensibilitat al pendent", "proj_dist_m": 2.39, "host_edge_id": 305, "host_edge_len": 8.34, "host_comp_size": 273.0 }, "geometry": { "type": "Point", "coordinates": [ 1.487627188346534, 42.457940727460283 ] } },
{ "type": "Feature", "properties": { "nom": "Prat Gran · Espanya", "tipus_desti": "bus_interparroquial", "escenari": "older_adults", "model_id": "slope_adjusted", "model_label": "Sensibilitat al pendent", "proj_dist_m": 1.35, "host_edge_id": 301, "host_edge_len": 6.1, "host_comp_size": 273.0 }, "geometry": { "type": "Point", "coordinates": [ 1.492099075629561, 42.467332080352598 ] } },
{ "type": "Feature", "properties": { "nom": "Prat Gran · Andorra la Vella", "tipus_desti": "bus_interparroquial", "escenari": "older_adults", "model_id": "slope_adjusted", "model_label": "Sensibilitat al pendent", "proj_dist_m": 2.38, "host_edge_id": 300, "host_edge_len": 9.26, "host_comp_size": 273.0 }, "geometry": { "type": "Point", "coordinates": [ 1.492759361887212, 42.468602284179738 ] } },
{ "type": "Feature", "properties": { "nom": "La Planella", "tipus_desti": "bus_interparroquial", "escenari": "older_adults", "model_id": "slope_adjusted", "model_label": "Sensibilitat al pendent", "proj_dist_m": 1.48, "host_edge_id": 303, "host_edge_len": 8.33, "host_comp_size": 273.0 }, "geometry": { "type": "Point", "coordinates": [ 1.489190741144889, 42.460153415653053 ] } },
{ "type": "Feature", "properties": { "nom": "La Riberola", "tipus_desti": "bus_interparroquial", "escenari": "older_adults", "model_id": "slope_adjusted", "model_label": "Sensibilitat al pendent", "proj_dist_m": 2.3, "host_edge_id": 306, "host_edge_len": 8.93, "host_comp_size": 273.0 }, "geometry": { "type": "Point", "coordinates": [ 1.486649326274593, 42.454860139099978 ] } },
{ "type": "Feature", "properties": { "nom": "Rotonda d'Aixovall", "tipus_desti": "bus_interparroquial", "escenari": "older_adults", "model_id": "slope_adjusted", "model_label": "Sensibilitat al pendent", "proj_dist_m": 0.6, "host_edge_id": 297, "host_edge_len": 9.27, "host_comp_size": 273.0 }, "geometry": { "type": "Point", "coordinates": [ 1.490098107666714, 42.476573385756062 ] } },
{ "type": "Feature", "properties": { "nom": "Les Arades", "tipus_desti": "bus_interparroquial", "escenari": "older_adults", "model_id": "slope_adjusted", "model_label": "Sensibilitat al pendent", "proj_dist_m": 2.38, "host_edge_id": 298, "host_edge_len": 14.54, "host_comp_size": 273.0 }, "geometry": { "type": "Point", "coordinates": [ 1.493458917954566, 42.471441040388633 ] } },
{ "type": "Feature", "properties": { "nom": "Av. de Rocafort", "tipus_desti": "bus_interparroquial", "escenari": "older_adults", "model_id": "slope_adjusted", "model_label": "Sensibilitat al pendent", "proj_dist_m": 2.18, "host_edge_id": 299, "host_edge_len": 8.24, "host_comp_size": 273.0 }, "geometry": { "type": "Point", "coordinates": [ 1.493109603671952, 42.471207091997293 ] } },
{ "type": "Feature", "properties": { "nom": "Parc Prat del Senzill", "tipus_desti": "espai_lliure", "escenari": "older_adults", "model_id": "slope_adjusted", "model_label": "Sensibilitat al pendent", "proj_dist_m": 0.0, "host_edge_id": 290, "host_edge_len": 56.16, "host_comp_size": 273.0 }, "geometry": { "type": "Point", "coordinates": [ 1.488696356696791, 42.460556563619065 ] } },
{ "type": "Feature", "properties": { "nom": "Plaça del Sola", "tipus_desti": "espai_lliure", "escenari": "older_adults", "model_id": "slope_adjusted", "model_label": "Sensibilitat al pendent", "proj_dist_m": 0.0, "host_edge_id": 289, "host_edge_len": 2.26, "host_comp_size": 273.0 }, "geometry": { "type": "Point", "coordinates": [ 1.490188299985498, 42.461580807809241 ] } },
{ "type": "Feature", "properties": { "nom": "Plaça Francesc Cairat", "tipus_desti": "espai_lliure", "escenari": "older_adults", "model_id": "slope_adjusted", "model_label": "Sensibilitat al pendent", "proj_dist_m": 0.0, "host_edge_id": 288, "host_edge_len": 13.48, "host_comp_size": 273.0 }, "geometry": { "type": "Point", "coordinates": [ 1.490524163141318, 42.462140880764842 ] } },
{ "type": "Feature", "properties": { "nom": "Plaça Major", "tipus_desti": "espai_lliure", "escenari": "older_adults", "model_id": "slope_adjusted", "model_label": "Sensibilitat al pendent", "proj_dist_m": 0.0, "host_edge_id": 308, "host_edge_len": 6.17, "host_comp_size": 273.0 }, "geometry": { "type": "Point", "coordinates": [ 1.491014053301921, 42.463228573602223 ] } },
{ "type": "Feature", "properties": { "nom": "Plaça del Mallador", "tipus_desti": "espai_lliure", "escenari": "older_adults", "model_id": "slope_adjusted", "model_label": "Sensibilitat al pendent", "proj_dist_m": 0.0, "host_edge_id": 283, "host_edge_len": 8.38, "host_comp_size": 273.0 }, "geometry": { "type": "Point", "coordinates": [ 1.490403092919012, 42.463794850752549 ] } },
{ "type": "Feature", "properties": { "nom": "Plaça de Sant Roc", "tipus_desti": "espai_lliure", "escenari": "older_adults", "model_id": "slope_adjusted", "model_label": "Sensibilitat al pendent", "proj_dist_m": 0.0, "host_edge_id": 282, "host_edge_len": 11.42, "host_comp_size": 273.0 }, "geometry": { "type": "Point", "coordinates": [ 1.49127624199545, 42.463990120811083 ] } },
{ "type": "Feature", "properties": { "nom": "Plaça de la Germandat", "tipus_desti": "espai_lliure", "escenari": "older_adults", "model_id": "slope_adjusted", "model_label": "Sensibilitat al pendent", "proj_dist_m": 0.0, "host_edge_id": 277, "host_edge_len": 1.54, "host_comp_size": 273.0 }, "geometry": { "type": "Point", "coordinates": [ 1.490691508653851, 42.465328145253821 ] } },
{ "type": "Feature", "properties": { "nom": "Parc Infantil Camp de Perot", "tipus_desti": "espai_lliure", "escenari": "older_adults", "model_id": "slope_adjusted", "model_label": "Sensibilitat al pendent", "proj_dist_m": 4.21, "host_edge_id": 94, "host_edge_len": 48.27, "host_comp_size": 273.0 }, "geometry": { "type": "Point", "coordinates": [ 1.492228313542697, 42.463116772259276 ] } },
{ "type": "Feature", "properties": { "nom": "Plaça de Calonge Sant Antoni", "tipus_desti": "espai_lliure", "escenari": "older_adults", "model_id": "slope_adjusted", "model_label": "Sensibilitat al pendent", "proj_dist_m": 0.0, "host_edge_id": 278, "host_edge_len": 7.13, "host_comp_size": 273.0 }, "geometry": { "type": "Point", "coordinates": [ 1.491863049608281, 42.465825034487821 ] } },
{ "type": "Feature", "properties": { "nom": "Plaça de Lauredia", "tipus_desti": "espai_lliure", "escenari": "older_adults", "model_id": "slope_adjusted", "model_label": "Sensibilitat al pendent", "proj_dist_m": 0.0, "host_edge_id": 273, "host_edge_len": 9.02, "host_comp_size": 273.0 }, "geometry": { "type": "Point", "coordinates": [ 1.492155608298784, 42.46712465538117 ] } },
{ "type": "Feature", "properties": { "nom": "Plaça Rocacorba", "tipus_desti": "espai_lliure", "escenari": "older_adults", "model_id": "slope_adjusted", "model_label": "Sensibilitat al pendent", "proj_dist_m": 0.0, "host_edge_id": 269, "host_edge_len": 6.25, "host_comp_size": 273.0 }, "geometry": { "type": "Point", "coordinates": [ 1.493161774581143, 42.470427915761718 ] } },
{ "type": "Feature", "properties": { "nom": "Plaça del Moli", "tipus_desti": "espai_lliure", "escenari": "older_adults", "model_id": "slope_adjusted", "model_label": "Sensibilitat al pendent", "proj_dist_m": 0.0, "host_edge_id": 270, "host_edge_len": 6.57, "host_comp_size": 273.0 }, "geometry": { "type": "Point", "coordinates": [ 1.492916061918417, 42.469859590709945 ] } },
{ "type": "Feature", "properties": { "nom": "Plaça del Moli", "tipus_desti": "espai_lliure", "escenari": "older_adults", "model_id": "slope_adjusted", "model_label": "Sensibilitat al pendent", "proj_dist_m": 0.0, "host_edge_id": 271, "host_edge_len": 7.72, "host_comp_size": 273.0 }, "geometry": { "type": "Point", "coordinates": [ 1.49276571746631, 42.469082430725265 ] } },
{ "type": "Feature", "properties": { "nom": "Parc Infantil del Prat Gran", "tipus_desti": "espai_lliure", "escenari": "older_adults", "model_id": "slope_adjusted", "model_label": "Sensibilitat al pendent", "proj_dist_m": 0.0, "host_edge_id": 272, "host_edge_len": 1.58, "host_comp_size": 273.0 }, "geometry": { "type": "Point", "coordinates": [ 1.49272730923829, 42.46814730676433 ] } },
{ "type": "Feature", "properties": { "nom": "Plaça de Lauredia", "tipus_desti": "espai_lliure", "escenari": "older_adults", "model_id": "slope_adjusted", "model_label": "Sensibilitat al pendent", "proj_dist_m": 0.0, "host_edge_id": 275, "host_edge_len": 7.91, "host_comp_size": 273.0 }, "geometry": { "type": "Point", "coordinates": [ 1.492339191741116, 42.466731760951589 ] } },
{ "type": "Feature", "properties": { "nom": "Plaça de Lauredia", "tipus_desti": "espai_lliure", "escenari": "older_adults", "model_id": "slope_adjusted", "model_label": "Sensibilitat al pendent", "proj_dist_m": 0.0, "host_edge_id": 274, "host_edge_len": 3.89, "host_comp_size": 273.0 }, "geometry": { "type": "Point", "coordinates": [ 1.492474472859908, 42.466878414754639 ] } },
{ "type": "Feature", "properties": { "nom": "Plaça de Calonge Sant Antoni", "tipus_desti": "espai_lliure", "escenari": "older_adults", "model_id": "slope_adjusted", "model_label": "Sensibilitat al pendent", "proj_dist_m": 0.0, "host_edge_id": 280, "host_edge_len": 5.64, "host_comp_size": 273.0 }, "geometry": { "type": "Point", "coordinates": [ 1.491836708456538, 42.465678413851379 ] } },
{ "type": "Feature", "properties": { "nom": "Plaça de Calonge Sant Antoni", "tipus_desti": "espai_lliure", "escenari": "older_adults", "model_id": "slope_adjusted", "model_label": "Sensibilitat al pendent", "proj_dist_m": 0.28, "host_edge_id": 279, "host_edge_len": 0.51, "host_comp_size": 273.0 }, "geometry": { "type": "Point", "coordinates": [ 1.492116204555384, 42.465674808866453 ] } },
{ "type": "Feature", "properties": { "nom": "Plaça de la Germandat", "tipus_desti": "espai_lliure", "escenari": "older_adults", "model_id": "slope_adjusted", "model_label": "Sensibilitat al pendent", "proj_dist_m": 0.0, "host_edge_id": 276, "host_edge_len": 2.8, "host_comp_size": 273.0 }, "geometry": { "type": "Point", "coordinates": [ 1.491046597353278, 42.465221975502416 ] } },
{ "type": "Feature", "properties": { "nom": "Plaça de la Germandat", "tipus_desti": "espai_lliure", "escenari": "older_adults", "model_id": "slope_adjusted", "model_label": "Sensibilitat al pendent", "proj_dist_m": 0.3, "host_edge_id": 163, "host_edge_len": 27.98, "host_comp_size": 273.0 }, "geometry": { "type": "Point", "coordinates": [ 1.490909618090986, 42.464944763643693 ] } },
{ "type": "Feature", "properties": { "nom": "Plaça Major", "tipus_desti": "espai_lliure", "escenari": "older_adults", "model_id": "slope_adjusted", "model_label": "Sensibilitat al pendent", "proj_dist_m": 0.0, "host_edge_id": 307, "host_edge_len": 2.74, "host_comp_size": 273.0 }, "geometry": { "type": "Point", "coordinates": [ 1.491077175428414, 42.462887782083293 ] } },
{ "type": "Feature", "properties": { "nom": "Plaça Major", "tipus_desti": "espai_lliure", "escenari": "older_adults", "model_id": "slope_adjusted", "model_label": "Sensibilitat al pendent", "proj_dist_m": 0.0, "host_edge_id": 284, "host_edge_len": 7.08, "host_comp_size": 273.0 }, "geometry": { "type": "Point", "coordinates": [ 1.490999707539614, 42.463093118017333 ] } },
{ "type": "Feature", "properties": { "nom": "Plaça Francesc Cairat", "tipus_desti": "espai_lliure", "escenari": "older_adults", "model_id": "slope_adjusted", "model_label": "Sensibilitat al pendent", "proj_dist_m": 0.0, "host_edge_id": 285, "host_edge_len": 3.75, "host_comp_size": 273.0 }, "geometry": { "type": "Point", "coordinates": [ 1.490709177510769, 42.462099554760151 ] } },
{ "type": "Feature", "properties": { "nom": "Plaça del Sola", "tipus_desti": "espai_lliure", "escenari": "older_adults", "model_id": "slope_adjusted", "model_label": "Sensibilitat al pendent", "proj_dist_m": 0.48, "host_edge_id": 39, "host_edge_len": 52.82, "host_comp_size": 273.0 }, "geometry": { "type": "Point", "coordinates": [ 1.489877774045403, 42.461486956923736 ] } },
{ "type": "Feature", "properties": { "nom": "Plaça del Tossal", "tipus_desti": "espai_lliure", "escenari": "older_adults", "model_id": "slope_adjusted", "model_label": "Sensibilitat al pendent", "proj_dist_m": 0.0, "host_edge_id": 291, "host_edge_len": 8.27, "host_comp_size": 273.0 }, "geometry": { "type": "Point", "coordinates": [ 1.491625000269186, 42.460554674293924 ] } },
{ "type": "Feature", "properties": { "nom": "Parc Infantil de Terra Bogada", "tipus_desti": "espai_lliure", "escenari": "older_adults", "model_id": "slope_adjusted", "model_label": "Sensibilitat al pendent", "proj_dist_m": 0.0, "host_edge_id": 281, "host_edge_len": 18.47, "host_comp_size": 273.0 }, "geometry": { "type": "Point", "coordinates": [ 1.497026606312613, 42.467335656586918 ] } },
{ "type": "Feature", "properties": { "nom": "Plaça d'Aixirivall", "tipus_desti": "espai_lliure", "escenari": "older_adults", "model_id": "slope_adjusted", "model_label": "Sensibilitat al pendent", "proj_dist_m": 0.0, "host_edge_id": 293, "host_edge_len": 10.57, "host_comp_size": 273.0 }, "geometry": { "type": "Point", "coordinates": [ 1.501992243368786, 42.462684316366762 ] } },
{ "type": "Feature", "properties": { "nom": "Parc Infantil d'Aixirivall", "tipus_desti": "espai_lliure", "escenari": "older_adults", "model_id": "slope_adjusted", "model_label": "Sensibilitat al pendent", "proj_dist_m": 0.0, "host_edge_id": 292, "host_edge_len": 6.56, "host_comp_size": 273.0 }, "geometry": { "type": "Point", "coordinates": [ 1.501847849853668, 42.462577636833835 ] } },
{ "type": "Feature", "properties": { "nom": "Oficina de tursime", "tipus_desti": "equipament", "escenari": "children_0_12", "model_id": "slope_adjusted", "model_label": "Sensibilitat al pendent", "proj_dist_m": 2.67, "host_edge_id": 95, "host_edge_len": 15.48, "host_comp_size": 282.0 }, "geometry": { "type": "Point", "coordinates": [ 1.492592689272066, 42.466582233830486 ] } },
{ "type": "Feature", "properties": { "nom": "Escola Andorra de Loria", "tipus_desti": "equipament", "escenari": "children_0_12", "model_id": "slope_adjusted", "model_label": "Sensibilitat al pendent", "proj_dist_m": 2.38, "host_edge_id": 268, "host_edge_len": 1.12, "host_comp_size": 282.0 }, "geometry": { "type": "Point", "coordinates": [ 1.493898247438061, 42.464941525701896 ] } },
{ "type": "Feature", "properties": { "nom": "Escola Francesa", "tipus_desti": "equipament", "escenari": "children_0_12", "model_id": "slope_adjusted", "model_label": "Sensibilitat al pendent", "proj_dist_m": 1.76, "host_edge_id": 253, "host_edge_len": 17.66, "host_comp_size": 282.0 }, "geometry": { "type": "Point", "coordinates": [ 1.49222108372848, 42.464996085596447 ] } },
{ "type": "Feature", "properties": { "nom": "Universitat d'Andorra", "tipus_desti": "equipament", "escenari": "children_0_12", "model_id": "slope_adjusted", "model_label": "Sensibilitat al pendent", "proj_dist_m": 1.24, "host_edge_id": 99, "host_edge_len": 8.53, "host_comp_size": 282.0 }, "geometry": { "type": "Point", "coordinates": [ 1.490699024056204, 42.465414315430337 ] } },
{ "type": "Feature", "properties": { "nom": "Biblioteca de Sant Julia de Loria", "tipus_desti": "equipament", "escenari": "children_0_12", "model_id": "slope_adjusted", "model_label": "Sensibilitat al pendent", "proj_dist_m": 1.62, "host_edge_id": 100, "host_edge_len": 3.38, "host_comp_size": 282.0 }, "geometry": { "type": "Point", "coordinates": [ 1.490505264155856, 42.465176495577204 ] } },
{ "type": "Feature", "properties": { "nom": "Auditori Rocafort", "tipus_desti": "equipament", "escenari": "children_0_12", "model_id": "slope_adjusted", "model_label": "Sensibilitat al pendent", "proj_dist_m": 1.62, "host_edge_id": 100, "host_edge_len": 3.38, "host_comp_size": 282.0 }, "geometry": { "type": "Point", "coordinates": [ 1.490505264155856, 42.465176495577204 ] } },
{ "type": "Feature", "properties": { "nom": "Centre Cultural i de Congressos Lauredia", "tipus_desti": "equipament", "escenari": "children_0_12", "model_id": "slope_adjusted", "model_label": "Sensibilitat al pendent", "proj_dist_m": 1.62, "host_edge_id": 100, "host_edge_len": 3.38, "host_comp_size": 282.0 }, "geometry": { "type": "Point", "coordinates": [ 1.490505264155856, 42.465176495577204 ] } },
{ "type": "Feature", "properties": { "nom": "Oficines del Servei de Circulació", "tipus_desti": "equipament", "escenari": "children_0_12", "model_id": "slope_adjusted", "model_label": "Sensibilitat al pendent", "proj_dist_m": 1.62, "host_edge_id": 100, "host_edge_len": 3.38, "host_comp_size": 282.0 }, "geometry": { "type": "Point", "coordinates": [ 1.490505264155856, 42.465176495577204 ] } },
{ "type": "Feature", "properties": { "nom": "Comu vell de Loria", "tipus_desti": "equipament", "escenari": "children_0_12", "model_id": "slope_adjusted", "model_label": "Sensibilitat al pendent", "proj_dist_m": 2.38, "host_edge_id": 272, "host_edge_len": 1.22, "host_comp_size": 282.0 }, "geometry": { "type": "Point", "coordinates": [ 1.491178119661565, 42.46472752870875 ] } },
{ "type": "Feature", "properties": { "nom": "Escola Andorra de Loria", "tipus_desti": "equipament", "escenari": "children_0_12", "model_id": "slope_adjusted", "model_label": "Sensibilitat al pendent", "proj_dist_m": 0.48, "host_edge_id": 251, "host_edge_len": 3.13, "host_comp_size": 282.0 }, "geometry": { "type": "Point", "coordinates": [ 1.492805498256045, 42.46451889992656 ] } },
{ "type": "Feature", "properties": { "nom": "Sant Julia i Sant Germa de Loria", "tipus_desti": "equipament", "escenari": "children_0_12", "model_id": "slope_adjusted", "model_label": "Sensibilitat al pendent", "proj_dist_m": 2.38, "host_edge_id": 274, "host_edge_len": 1.18, "host_comp_size": 282.0 }, "geometry": { "type": "Point", "coordinates": [ 1.49087726312048, 42.463772258544545 ] } },
{ "type": "Feature", "properties": { "nom": "Centre Major - Centre de dia", "tipus_desti": "equipament", "escenari": "children_0_12", "model_id": "slope_adjusted", "model_label": "Sensibilitat al pendent", "proj_dist_m": 2.33, "host_edge_id": 302, "host_edge_len": 7.08, "host_comp_size": 282.0 }, "geometry": { "type": "Point", "coordinates": [ 1.490927982853191, 42.463057591470601 ] } },
{ "type": "Feature", "properties": { "nom": "Centre d'Atencio Primaria", "tipus_desti": "equipament", "escenari": "children_0_12", "model_id": "slope_adjusted", "model_label": "Sensibilitat al pendent", "proj_dist_m": 2.33, "host_edge_id": 302, "host_edge_len": 7.08, "host_comp_size": 282.0 }, "geometry": { "type": "Point", "coordinates": [ 1.490927982853191, 42.463057591470601 ] } },
{ "type": "Feature", "properties": { "nom": "Cementiri vell de Sant Julia de Loria", "tipus_desti": "equipament", "escenari": "children_0_12", "model_id": "slope_adjusted", "model_label": "Sensibilitat al pendent", "proj_dist_m": 2.89, "host_edge_id": 108, "host_edge_len": 9.49, "host_comp_size": 282.0 }, "geometry": { "type": "Point", "coordinates": [ 1.48963429007093, 42.460459902049777 ] } },
{ "type": "Feature", "properties": { "nom": "AR+I", "tipus_desti": "equipament", "escenari": "children_0_12", "model_id": "slope_adjusted", "model_label": "Sensibilitat al pendent", "proj_dist_m": 2.21, "host_edge_id": 8, "host_edge_len": 63.48, "host_comp_size": 282.0 }, "geometry": { "type": "Point", "coordinates": [ 1.492537822356041, 42.468898085030119 ] } },
{ "type": "Feature", "properties": { "nom": "Ministeri d'educacio", "tipus_desti": "equipament", "escenari": "children_0_12", "model_id": "slope_adjusted", "model_label": "Sensibilitat al pendent", "proj_dist_m": 2.21, "host_edge_id": 8, "host_edge_len": 63.48, "host_comp_size": 282.0 }, "geometry": { "type": "Point", "coordinates": [ 1.492537822356041, 42.468898085030119 ] } },
{ "type": "Feature", "properties": { "nom": "Comu de Sant Julia de Loria", "tipus_desti": "equipament", "escenari": "children_0_12", "model_id": "slope_adjusted", "model_label": "Sensibilitat al pendent", "proj_dist_m": 2.21, "host_edge_id": 8, "host_edge_len": 63.48, "host_comp_size": 282.0 }, "geometry": { "type": "Point", "coordinates": [ 1.492537822356041, 42.468898085030119 ] } },
{ "type": "Feature", "properties": { "nom": "Sant Bartomeu", "tipus_desti": "equipament", "escenari": "children_0_12", "model_id": "slope_adjusted", "model_label": "Sensibilitat al pendent", "proj_dist_m": 1.91, "host_edge_id": 195, "host_edge_len": 83.75, "host_comp_size": 282.0 }, "geometry": { "type": "Point", "coordinates": [ 1.492791835519281, 42.466733371255749 ] } },
{ "type": "Feature", "properties": { "nom": "Universitat Carlemany", "tipus_desti": "equipament", "escenari": "children_0_12", "model_id": "slope_adjusted", "model_label": "Sensibilitat al pendent", "proj_dist_m": 1.04, "host_edge_id": 96, "host_edge_len": 4.72, "host_comp_size": 282.0 }, "geometry": { "type": "Point", "coordinates": [ 1.491806540065834, 42.465980819077593 ] } },
{ "type": "Feature", "properties": { "nom": "Espai Laurèdia Jove", "tipus_desti": "equipament", "escenari": "children_0_12", "model_id": "slope_adjusted", "model_label": "Sensibilitat al pendent", "proj_dist_m": 2.89, "host_edge_id": 101, "host_edge_len": 4.46, "host_comp_size": 282.0 }, "geometry": { "type": "Point", "coordinates": [ 1.490665611359403, 42.464933179918297 ] } },
{ "type": "Feature", "properties": { "nom": "Local de Corrreu i La Poste", "tipus_desti": "equipament", "escenari": "children_0_12", "model_id": "slope_adjusted", "model_label": "Sensibilitat al pendent", "proj_dist_m": 2.35, "host_edge_id": 106, "host_edge_len": 2.68, "host_comp_size": 282.0 }, "geometry": { "type": "Point", "coordinates": [ 1.490977996242735, 42.463343641991479 ] } },
{ "type": "Feature", "properties": { "nom": "Espai saludable per a la gent gran", "tipus_desti": "equipament", "escenari": "children_0_12", "model_id": "slope_adjusted", "model_label": "Sensibilitat al pendent", "proj_dist_m": 1.67, "host_edge_id": 120, "host_edge_len": 8.43, "host_comp_size": 282.0 }, "geometry": { "type": "Point", "coordinates": [ 1.492283973756737, 42.47374634701233 ] } },
{ "type": "Feature", "properties": { "nom": "Universitat Europea", "tipus_desti": "equipament", "escenari": "children_0_12", "model_id": "slope_adjusted", "model_label": "Sensibilitat al pendent", "proj_dist_m": 1.02, "host_edge_id": 103, "host_edge_len": 12.51, "host_comp_size": 282.0 }, "geometry": { "type": "Point", "coordinates": [ 1.489976466006734, 42.464372003044602 ] } },
{ "type": "Feature", "properties": { "nom": "Escola Bressol Laurèdia Xics", "tipus_desti": "equipament", "escenari": "children_0_12", "model_id": "slope_adjusted", "model_label": "Sensibilitat al pendent", "proj_dist_m": 2.38, "host_edge_id": 263, "host_edge_len": 18.9, "host_comp_size": 282.0 }, "geometry": { "type": "Point", "coordinates": [ 1.491358954420286, 42.462853260163932 ] } },
{ "type": "Feature", "properties": { "nom": "Sala de vetlles", "tipus_desti": "equipament", "escenari": "children_0_12", "model_id": "slope_adjusted", "model_label": "Sensibilitat al pendent", "proj_dist_m": 2.99, "host_edge_id": 105, "host_edge_len": 5.33, "host_comp_size": 282.0 }, "geometry": { "type": "Point", "coordinates": [ 1.491329096469825, 42.463418242712841 ] } },
{ "type": "Feature", "properties": { "nom": "Centre Esportiu de Sant Julia de Loria", "tipus_desti": "equipament", "escenari": "children_0_12", "model_id": "slope_adjusted", "model_label": "Sensibilitat al pendent", "proj_dist_m": 2.46, "host_edge_id": 98, "host_edge_len": 4.2, "host_comp_size": 282.0 }, "geometry": { "type": "Point", "coordinates": [ 1.492173065456378, 42.465633412026762 ] } },
{ "type": "Feature", "properties": { "nom": "Pont de Fontaneda · Andorra la Vella", "tipus_desti": "bus_interparroquial", "escenari": "children_0_12", "model_id": "slope_adjusted", "model_label": "Sensibilitat al pendent", "proj_dist_m": 2.38, "host_edge_id": 314, "host_edge_len": 12.62, "host_comp_size": 282.0 }, "geometry": { "type": "Point", "coordinates": [ 1.490536887525985, 42.461945572981229 ] } },
{ "type": "Feature", "properties": { "nom": "Pont de Fontaneda · Espanya", "tipus_desti": "bus_interparroquial", "escenari": "children_0_12", "model_id": "slope_adjusted", "model_label": "Sensibilitat al pendent", "proj_dist_m": 2.07, "host_edge_id": 320, "host_edge_len": 9.18, "host_comp_size": 282.0 }, "geometry": { "type": "Point", "coordinates": [ 1.489443516134238, 42.461662675805222 ] } },
{ "type": "Feature", "properties": { "nom": "La Valireta · Espanya", "tipus_desti": "bus_interparroquial", "escenari": "children_0_12", "model_id": "slope_adjusted", "model_label": "Sensibilitat al pendent", "proj_dist_m": 2.23, "host_edge_id": 312, "host_edge_len": 7.79, "host_comp_size": 282.0 }, "geometry": { "type": "Point", "coordinates": [ 1.489317524495576, 42.46404994009513 ] } },
{ "type": "Feature", "properties": { "nom": "La Valireta · Andorra la Vella", "tipus_desti": "bus_interparroquial", "escenari": "children_0_12", "model_id": "slope_adjusted", "model_label": "Sensibilitat al pendent", "proj_dist_m": 2.38, "host_edge_id": 313, "host_edge_len": 6.37, "host_comp_size": 282.0 }, "geometry": { "type": "Point", "coordinates": [ 1.489993684399419, 42.464023997012951 ] } },
{ "type": "Feature", "properties": { "nom": "Riu d'Auvinyà · Espanya", "tipus_desti": "bus_interparroquial", "escenari": "children_0_12", "model_id": "slope_adjusted", "model_label": "Sensibilitat al pendent", "proj_dist_m": 0.92, "host_edge_id": 322, "host_edge_len": 7.93, "host_comp_size": 282.0 }, "geometry": { "type": "Point", "coordinates": [ 1.487408147872027, 42.457972085726986 ] } },
{ "type": "Feature", "properties": { "nom": "Riu d'Auvinyà · Andorra la Vella", "tipus_desti": "bus_interparroquial", "escenari": "children_0_12", "model_id": "slope_adjusted", "model_label": "Sensibilitat al pendent", "proj_dist_m": 2.39, "host_edge_id": 323, "host_edge_len": 8.34, "host_comp_size": 282.0 }, "geometry": { "type": "Point", "coordinates": [ 1.487627188346534, 42.457940727460283 ] } },
{ "type": "Feature", "properties": { "nom": "Prat Gran · Espanya", "tipus_desti": "bus_interparroquial", "escenari": "children_0_12", "model_id": "slope_adjusted", "model_label": "Sensibilitat al pendent", "proj_dist_m": 1.35, "host_edge_id": 319, "host_edge_len": 6.1, "host_comp_size": 282.0 }, "geometry": { "type": "Point", "coordinates": [ 1.492099075629561, 42.467332080352598 ] } },
{ "type": "Feature", "properties": { "nom": "Prat Gran · Andorra la Vella", "tipus_desti": "bus_interparroquial", "escenari": "children_0_12", "model_id": "slope_adjusted", "model_label": "Sensibilitat al pendent", "proj_dist_m": 2.38, "host_edge_id": 318, "host_edge_len": 9.26, "host_comp_size": 282.0 }, "geometry": { "type": "Point", "coordinates": [ 1.492759361887212, 42.468602284179738 ] } },
{ "type": "Feature", "properties": { "nom": "La Planella", "tipus_desti": "bus_interparroquial", "escenari": "children_0_12", "model_id": "slope_adjusted", "model_label": "Sensibilitat al pendent", "proj_dist_m": 1.48, "host_edge_id": 321, "host_edge_len": 8.33, "host_comp_size": 282.0 }, "geometry": { "type": "Point", "coordinates": [ 1.489190741144889, 42.460153415653053 ] } },
{ "type": "Feature", "properties": { "nom": "La Riberola", "tipus_desti": "bus_interparroquial", "escenari": "children_0_12", "model_id": "slope_adjusted", "model_label": "Sensibilitat al pendent", "proj_dist_m": 2.3, "host_edge_id": 324, "host_edge_len": 8.93, "host_comp_size": 282.0 }, "geometry": { "type": "Point", "coordinates": [ 1.486649326274593, 42.454860139099978 ] } },
{ "type": "Feature", "properties": { "nom": "Rotonda d'Aixovall", "tipus_desti": "bus_interparroquial", "escenari": "children_0_12", "model_id": "slope_adjusted", "model_label": "Sensibilitat al pendent", "proj_dist_m": 0.6, "host_edge_id": 315, "host_edge_len": 9.27, "host_comp_size": 282.0 }, "geometry": { "type": "Point", "coordinates": [ 1.490098107666714, 42.476573385756062 ] } },
{ "type": "Feature", "properties": { "nom": "Les Arades", "tipus_desti": "bus_interparroquial", "escenari": "children_0_12", "model_id": "slope_adjusted", "model_label": "Sensibilitat al pendent", "proj_dist_m": 2.38, "host_edge_id": 316, "host_edge_len": 14.54, "host_comp_size": 282.0 }, "geometry": { "type": "Point", "coordinates": [ 1.493458917954566, 42.471441040388633 ] } },
{ "type": "Feature", "properties": { "nom": "Av. de Rocafort", "tipus_desti": "bus_interparroquial", "escenari": "children_0_12", "model_id": "slope_adjusted", "model_label": "Sensibilitat al pendent", "proj_dist_m": 2.18, "host_edge_id": 317, "host_edge_len": 8.24, "host_comp_size": 282.0 }, "geometry": { "type": "Point", "coordinates": [ 1.493109603671952, 42.471207091997293 ] } },
{ "type": "Feature", "properties": { "nom": "Parc Prat del Senzill", "tipus_desti": "espai_lliure", "escenari": "children_0_12", "model_id": "slope_adjusted", "model_label": "Sensibilitat al pendent", "proj_dist_m": 0.0, "host_edge_id": 308, "host_edge_len": 56.16, "host_comp_size": 282.0 }, "geometry": { "type": "Point", "coordinates": [ 1.488696356696791, 42.460556563619065 ] } },
{ "type": "Feature", "properties": { "nom": "Plaça del Sola", "tipus_desti": "espai_lliure", "escenari": "children_0_12", "model_id": "slope_adjusted", "model_label": "Sensibilitat al pendent", "proj_dist_m": 0.0, "host_edge_id": 307, "host_edge_len": 2.26, "host_comp_size": 282.0 }, "geometry": { "type": "Point", "coordinates": [ 1.490188299985498, 42.461580807809241 ] } },
{ "type": "Feature", "properties": { "nom": "Plaça Francesc Cairat", "tipus_desti": "espai_lliure", "escenari": "children_0_12", "model_id": "slope_adjusted", "model_label": "Sensibilitat al pendent", "proj_dist_m": 0.0, "host_edge_id": 306, "host_edge_len": 13.48, "host_comp_size": 282.0 }, "geometry": { "type": "Point", "coordinates": [ 1.490524163141318, 42.462140880764842 ] } },
{ "type": "Feature", "properties": { "nom": "Plaça Major", "tipus_desti": "espai_lliure", "escenari": "children_0_12", "model_id": "slope_adjusted", "model_label": "Sensibilitat al pendent", "proj_dist_m": 0.0, "host_edge_id": 326, "host_edge_len": 6.17, "host_comp_size": 282.0 }, "geometry": { "type": "Point", "coordinates": [ 1.491014053301921, 42.463228573602223 ] } },
{ "type": "Feature", "properties": { "nom": "Plaça del Mallador", "tipus_desti": "espai_lliure", "escenari": "children_0_12", "model_id": "slope_adjusted", "model_label": "Sensibilitat al pendent", "proj_dist_m": 0.0, "host_edge_id": 301, "host_edge_len": 8.38, "host_comp_size": 282.0 }, "geometry": { "type": "Point", "coordinates": [ 1.490403092919012, 42.463794850752549 ] } },
{ "type": "Feature", "properties": { "nom": "Plaça de Sant Roc", "tipus_desti": "espai_lliure", "escenari": "children_0_12", "model_id": "slope_adjusted", "model_label": "Sensibilitat al pendent", "proj_dist_m": 0.0, "host_edge_id": 300, "host_edge_len": 11.42, "host_comp_size": 282.0 }, "geometry": { "type": "Point", "coordinates": [ 1.49127624199545, 42.463990120811083 ] } },
{ "type": "Feature", "properties": { "nom": "Plaça de la Germandat", "tipus_desti": "espai_lliure", "escenari": "children_0_12", "model_id": "slope_adjusted", "model_label": "Sensibilitat al pendent", "proj_dist_m": 0.0, "host_edge_id": 295, "host_edge_len": 1.54, "host_comp_size": 282.0 }, "geometry": { "type": "Point", "coordinates": [ 1.490691508653851, 42.465328145253821 ] } },
{ "type": "Feature", "properties": { "nom": "Parc Infantil Camp de Perot", "tipus_desti": "espai_lliure", "escenari": "children_0_12", "model_id": "slope_adjusted", "model_label": "Sensibilitat al pendent", "proj_dist_m": 4.21, "host_edge_id": 107, "host_edge_len": 48.27, "host_comp_size": 282.0 }, "geometry": { "type": "Point", "coordinates": [ 1.492228313542697, 42.463116772259276 ] } },
{ "type": "Feature", "properties": { "nom": "Plaça de Calonge Sant Antoni", "tipus_desti": "espai_lliure", "escenari": "children_0_12", "model_id": "slope_adjusted", "model_label": "Sensibilitat al pendent", "proj_dist_m": 0.0, "host_edge_id": 296, "host_edge_len": 7.13, "host_comp_size": 282.0 }, "geometry": { "type": "Point", "coordinates": [ 1.491863049608281, 42.465825034487821 ] } },
{ "type": "Feature", "properties": { "nom": "Plaça de Lauredia", "tipus_desti": "espai_lliure", "escenari": "children_0_12", "model_id": "slope_adjusted", "model_label": "Sensibilitat al pendent", "proj_dist_m": 0.0, "host_edge_id": 291, "host_edge_len": 9.02, "host_comp_size": 282.0 }, "geometry": { "type": "Point", "coordinates": [ 1.492155608298784, 42.46712465538117 ] } },
{ "type": "Feature", "properties": { "nom": "Parc Infantil del Prat Gran", "tipus_desti": "espai_lliure", "escenari": "children_0_12", "model_id": "slope_adjusted", "model_label": "Sensibilitat al pendent", "proj_dist_m": 0.0, "host_edge_id": 290, "host_edge_len": 2.52, "host_comp_size": 282.0 }, "geometry": { "type": "Point", "coordinates": [ 1.492945187220464, 42.46779740319375 ] } },
{ "type": "Feature", "properties": { "nom": "Plaça Rocacorba", "tipus_desti": "espai_lliure", "escenari": "children_0_12", "model_id": "slope_adjusted", "model_label": "Sensibilitat al pendent", "proj_dist_m": 0.0, "host_edge_id": 286, "host_edge_len": 6.25, "host_comp_size": 282.0 }, "geometry": { "type": "Point", "coordinates": [ 1.493161774581143, 42.470427915761718 ] } },
{ "type": "Feature", "properties": { "nom": "Plaça del Moli", "tipus_desti": "espai_lliure", "escenari": "children_0_12", "model_id": "slope_adjusted", "model_label": "Sensibilitat al pendent", "proj_dist_m": 0.0, "host_edge_id": 287, "host_edge_len": 6.57, "host_comp_size": 282.0 }, "geometry": { "type": "Point", "coordinates": [ 1.492916061918417, 42.469859590709945 ] } },
{ "type": "Feature", "properties": { "nom": "Plaça Rocacorba", "tipus_desti": "espai_lliure", "escenari": "children_0_12", "model_id": "slope_adjusted", "model_label": "Sensibilitat al pendent", "proj_dist_m": 0.0, "host_edge_id": 285, "host_edge_len": 19.59, "host_comp_size": 282.0 }, "geometry": { "type": "Point", "coordinates": [ 1.492897389803161, 42.470086506221641 ] } },
{ "type": "Feature", "properties": { "nom": "Plaça del Moli", "tipus_desti": "espai_lliure", "escenari": "children_0_12", "model_id": "slope_adjusted", "model_label": "Sensibilitat al pendent", "proj_dist_m": 0.0, "host_edge_id": 288, "host_edge_len": 7.72, "host_comp_size": 282.0 }, "geometry": { "type": "Point", "coordinates": [ 1.49276571746631, 42.469082430725265 ] } },
{ "type": "Feature", "properties": { "nom": "Parc Infantil del Prat Gran", "tipus_desti": "espai_lliure", "escenari": "children_0_12", "model_id": "slope_adjusted", "model_label": "Sensibilitat al pendent", "proj_dist_m": 0.0, "host_edge_id": 289, "host_edge_len": 1.58, "host_comp_size": 282.0 }, "geometry": { "type": "Point", "coordinates": [ 1.49272730923829, 42.46814730676433 ] } },
{ "type": "Feature", "properties": { "nom": "Plaça de Lauredia", "tipus_desti": "espai_lliure", "escenari": "children_0_12", "model_id": "slope_adjusted", "model_label": "Sensibilitat al pendent", "proj_dist_m": 0.0, "host_edge_id": 293, "host_edge_len": 7.91, "host_comp_size": 282.0 }, "geometry": { "type": "Point", "coordinates": [ 1.492339191741116, 42.466731760951589 ] } },
{ "type": "Feature", "properties": { "nom": "Plaça de Lauredia", "tipus_desti": "espai_lliure", "escenari": "children_0_12", "model_id": "slope_adjusted", "model_label": "Sensibilitat al pendent", "proj_dist_m": 0.0, "host_edge_id": 292, "host_edge_len": 3.89, "host_comp_size": 282.0 }, "geometry": { "type": "Point", "coordinates": [ 1.492474472859908, 42.466878414754639 ] } },
{ "type": "Feature", "properties": { "nom": "Plaça de Calonge Sant Antoni", "tipus_desti": "espai_lliure", "escenari": "children_0_12", "model_id": "slope_adjusted", "model_label": "Sensibilitat al pendent", "proj_dist_m": 0.0, "host_edge_id": 298, "host_edge_len": 5.64, "host_comp_size": 282.0 }, "geometry": { "type": "Point", "coordinates": [ 1.491836708456538, 42.465678413851379 ] } },
{ "type": "Feature", "properties": { "nom": "Plaça de Calonge Sant Antoni", "tipus_desti": "espai_lliure", "escenari": "children_0_12", "model_id": "slope_adjusted", "model_label": "Sensibilitat al pendent", "proj_dist_m": 0.28, "host_edge_id": 297, "host_edge_len": 0.51, "host_comp_size": 282.0 }, "geometry": { "type": "Point", "coordinates": [ 1.492116204555384, 42.465674808866453 ] } },
{ "type": "Feature", "properties": { "nom": "Plaça de la Germandat", "tipus_desti": "espai_lliure", "escenari": "children_0_12", "model_id": "slope_adjusted", "model_label": "Sensibilitat al pendent", "proj_dist_m": 0.0, "host_edge_id": 294, "host_edge_len": 2.8, "host_comp_size": 282.0 }, "geometry": { "type": "Point", "coordinates": [ 1.491046597353278, 42.465221975502416 ] } },
{ "type": "Feature", "properties": { "nom": "Plaça de la Germandat", "tipus_desti": "espai_lliure", "escenari": "children_0_12", "model_id": "slope_adjusted", "model_label": "Sensibilitat al pendent", "proj_dist_m": 0.3, "host_edge_id": 176, "host_edge_len": 27.98, "host_comp_size": 282.0 }, "geometry": { "type": "Point", "coordinates": [ 1.490909618090986, 42.464944763643693 ] } },
{ "type": "Feature", "properties": { "nom": "Plaça Major", "tipus_desti": "espai_lliure", "escenari": "children_0_12", "model_id": "slope_adjusted", "model_label": "Sensibilitat al pendent", "proj_dist_m": 0.0, "host_edge_id": 325, "host_edge_len": 2.74, "host_comp_size": 282.0 }, "geometry": { "type": "Point", "coordinates": [ 1.491077175428414, 42.462887782083293 ] } },
{ "type": "Feature", "properties": { "nom": "Plaça Major", "tipus_desti": "espai_lliure", "escenari": "children_0_12", "model_id": "slope_adjusted", "model_label": "Sensibilitat al pendent", "proj_dist_m": 0.0, "host_edge_id": 302, "host_edge_len": 7.08, "host_comp_size": 282.0 }, "geometry": { "type": "Point", "coordinates": [ 1.490999707539614, 42.463093118017333 ] } },
{ "type": "Feature", "properties": { "nom": "Plaça Francesc Cairat", "tipus_desti": "espai_lliure", "escenari": "children_0_12", "model_id": "slope_adjusted", "model_label": "Sensibilitat al pendent", "proj_dist_m": 0.0, "host_edge_id": 303, "host_edge_len": 3.75, "host_comp_size": 282.0 }, "geometry": { "type": "Point", "coordinates": [ 1.490709177510769, 42.462099554760151 ] } },
{ "type": "Feature", "properties": { "nom": "Plaça del Sola", "tipus_desti": "espai_lliure", "escenari": "children_0_12", "model_id": "slope_adjusted", "model_label": "Sensibilitat al pendent", "proj_dist_m": 0.48, "host_edge_id": 41, "host_edge_len": 52.82, "host_comp_size": 282.0 }, "geometry": { "type": "Point", "coordinates": [ 1.489877774045403, 42.461486956923736 ] } },
{ "type": "Feature", "properties": { "nom": "Plaça del Tossal", "tipus_desti": "espai_lliure", "escenari": "children_0_12", "model_id": "slope_adjusted", "model_label": "Sensibilitat al pendent", "proj_dist_m": 0.0, "host_edge_id": 309, "host_edge_len": 8.27, "host_comp_size": 282.0 }, "geometry": { "type": "Point", "coordinates": [ 1.491625000269186, 42.460554674293924 ] } },
{ "type": "Feature", "properties": { "nom": "Parc Infantil de Terra Bogada", "tipus_desti": "espai_lliure", "escenari": "children_0_12", "model_id": "slope_adjusted", "model_label": "Sensibilitat al pendent", "proj_dist_m": 0.0, "host_edge_id": 299, "host_edge_len": 18.47, "host_comp_size": 282.0 }, "geometry": { "type": "Point", "coordinates": [ 1.497026606312613, 42.467335656586918 ] } },
{ "type": "Feature", "properties": { "nom": "Plaça d'Aixirivall", "tipus_desti": "espai_lliure", "escenari": "children_0_12", "model_id": "slope_adjusted", "model_label": "Sensibilitat al pendent", "proj_dist_m": 0.0, "host_edge_id": 311, "host_edge_len": 10.57, "host_comp_size": 282.0 }, "geometry": { "type": "Point", "coordinates": [ 1.501992243368786, 42.462684316366762 ] } },
{ "type": "Feature", "properties": { "nom": "Parc Infantil d'Aixirivall", "tipus_desti": "espai_lliure", "escenari": "children_0_12", "model_id": "slope_adjusted", "model_label": "Sensibilitat al pendent", "proj_dist_m": 0.0, "host_edge_id": 310, "host_edge_len": 6.56, "host_comp_size": 282.0 }, "geometry": { "type": "Point", "coordinates": [ 1.501847849853668, 42.462577636833835 ] } }
]
}
